Workbook
Name Slicer_burnout_risk: #N/A
Name Slicer_channel_size_tier: #N/A
Name Slicer_Country: #N/A

Sheet Cleaned_Data
A1: rank | B1: Youtuber | C1: subscribers | D1: video views | E1: category | F1: Title | G1: uploads | H1: Country | I1: Abbreviation | J1: channel_type | K1: video_views_rank | L1: country_rank | M1: channel_type_rank | N1: video_views_for_the_last_30_days | O1: lowest_monthly_earnings | P1: highest_monthly_earnings | Q1: lowest_yearly_earnings | R1: highest_yearly_earnings | S1: subscribers_for_last_30_days | T1: created_year | U1: created_month | V1: created_date | W1: Gross tertiary education enrollment (%) | X1: Population | Y1: Unemployment rate | Z1: Urban_population | AA1: Latitude | AB1: Longitude | AC1: upload_frequency | AD1: view_per_upload | AE1: subscribers_per_upload | AF1: subscriber_to_view_ratio | AG1: earnings_per_million_views | AH1: view_per_subscriber | AI1: channel_age(year) | AJ1: monthly_expected_earning | AK1: yearly_expected_earning | AL1: Custom | AM1: engagement_rate | AN1: burnout_risk | AO1: Date | AP1: channel_size_tier | AQ1: estimate_yearly_earnings | AR1: upload_frequency_bucket
A2: 1 | B2: T-Series | C2: 245000000 | D2: 228000000000 | E2: Music | F2: T-Series | G2: 20082 | H2: India | I2: IN | J2: Music | K2: 1 | L2: 1 | M2: 1 | N2: 2258000000 | O2: 564600 | P2: 9000000 | Q2: 6800000 | R2: 108400000 | S2: 2000000 | T2: 2006 | U2: Mar | V2: 13 | W2: 28.1 | X2: 1366417754 | Y2: 5.36 | Z2: 471031528 | AA2: 20.593684 | AB2: 78.96288 | AC2: 92.972222 | AD2: 11353451 | AE2: 12199.98 | AF2: 0.0010745614 | AG2: 39.473684 | AH2: 930.61224 | AI2: 20 | AJ2: 8435400 | AK2: 101600000 | AL2: 100000 | AM2: =youtube_stats_raw[[#This Row],[subscribers_for_last_30_days]] / youtube_stats_raw[[#This Row],[subscribers]] -> 0.0081632653 | AN2: =IF(AND(youtube_stats_raw[[#This Row],[upload_frequency]]>23.1077381,youtube_stats_raw[[#This Row],[ engagement_rate]]<=0),"High",IF(OR(youtube_stats_raw[[#This Row],[upload_frequency]]>23.1077381,youtube_stats_raw[[#This Row],[ engagement_rate]]<=0),"Medium","Low")) -> Medium | AO2: =DATE(T2, MATCH(U2,{"Jan","Feb","Mar","Apr","May","Jun","Jul","Aug","Sep","Oct","Nov","Dec"},0), V2) -> 38789 | AP2: =IF(youtube_stats_raw[[#This Row],[subscribers]]<70000000,"Micro",IF(youtube_stats_raw[[#This Row],[subscribers]]<128000000,"Mid",IF(youtube_stats_raw[[#This Row],[subscribers]]<186000000,"Macro","Mega"))) -> Mega | AQ2: =SUM((youtube_stats_raw[[#This Row],[lowest_yearly_earnings]] + youtube_stats_raw[[#This Row],[highest_yearly_earnings]])/2) -> 57600000 | AR2: =IF(youtube_stats_raw[[#This Row],[upload_frequency]]<=_xlfn.PERCENTILE.INC(AC:AC,0.2),"Very Low",IF(youtube_stats_raw[[#This Row],[upload_frequency]]<=_xlfn.PERCENTILE.INC(AC:AC,0.4),"Low",IF(youtube_stats_raw[[#This Row],[upload_frequency]]<=_xlfn.PERCENTILE.INC(AC:AC,0.6),"Medium",IF(youtube_stats_raw[[#This Row],[upload_frequency]]<=_xlfn.PERCENTILE.INC(AC:AC,0.8),"High","Very High")))) -> Very High
A3: 2 | B3: YouTube Movies | C3: 170000000 | D3: 0 | E3: Film & Animation | F3: youtubemovies | G3: 1 | H3: United States | I3: US | J3: Games | K3: 4055159 | L3: 7670 | M3: 7423 | N3: 12 | O3: 0 | P3: 0 | Q3: 0 | R3: 1 | S3: 0 | T3: 2006 | U3: Mar | V3: 5 | W3: 88.2 | X3: 328239523 | Y3: 14.7 | Z3: 270663028 | AA3: 37.09024 | AB3: -95.712891 | AC3: 0.0046296296 | AD3: 0 | AE3: 170000000 | AF3: 0 | AG3: #NUM! | AH3: 0 | AI3: 20 | AJ3: 0 | AK3: 1 | AL3: 0 | AM3: =youtube_stats_raw[[#This Row],[subscribers_for_last_30_days]] / youtube_stats_raw[[#This Row],[subscribers]] -> 0 | AN3: =IF(AND(youtube_stats_raw[[#This Row],[upload_frequency]]>23.1077381,youtube_stats_raw[[#This Row],[ engagement_rate]]<=0),"High",IF(OR(youtube_stats_raw[[#This Row],[upload_frequency]]>23.1077381,youtube_stats_raw[[#This Row],[ engagement_rate]]<=0),"Medium","Low")) -> Medium | AO3: =DATE(T3, MATCH(U3,{"Jan","Feb","Mar","Apr","May","Jun","Jul","Aug","Sep","Oct","Nov","Dec"},0), V3) -> 38781 | AP3: =IF(youtube_stats_raw[[#This Row],[subscribers]]<70000000,"Micro",IF(youtube_stats_raw[[#This Row],[subscribers]]<128000000,"Mid",IF(youtube_stats_raw[[#This Row],[subscribers]]<186000000,"Macro","Mega"))) -> Macro | AQ3: =SUM((youtube_stats_raw[[#This Row],[lowest_yearly_earnings]] + youtube_stats_raw[[#This Row],[highest_yearly_earnings]])/2) -> 0.5 | AR3: =IF(youtube_stats_raw[[#This Row],[upload_frequency]]<=_xlfn.PERCENTILE.INC(AC:AC,0.2),"Very Low",IF(youtube_stats_raw[[#This Row],[upload_frequency]]<=_xlfn.PERCENTILE.INC(AC:AC,0.4),"Low",IF(youtube_stats_raw[[#This Row],[upload_frequency]]<=_xlfn.PERCENTILE.INC(AC:AC,0.6),"Medium",IF(youtube_stats_raw[[#This Row],[upload_frequency]]<=_xlfn.PERCENTILE.INC(AC:AC,0.8),"High","Very High")))) -> Very Low
A4: 3 | B4: MrBeast | C4: 166000000 | D4: 28368841870 | E4: Entertainment | F4: MrBeast | G4: 741 | H4: United States | I4: US | J4: Entertainment | K4: 48 | L4: 1 | M4: 1 | N4: 1348000000 | O4: 337000 | P4: 5400000 | Q4: 4000000 | R4: 64700000 | S4: 8000000 | T4: 2012 | U4: Feb | V4: 20 | W4: 88.2 | X4: 328239523 | Y4: 14.7 | Z4: 270663028 | AA4: 37.09024 | AB4: -95.712891 | AC4: 5.1458333 | AD4: 38284537 | AE4: 224021.59 | AF4: 0.0058514902 | AG4: 190.34968 | AH4: 170.89664 | AI4: 14 | AJ4: 5063000 | AK4: 60700000 | AL4: 571428.57 | AM4: =youtube_stats_raw[[#This Row],[subscribers_for_last_30_days]] / youtube_stats_raw[[#This Row],[subscribers]] -> 0.048192771 | AN4: =IF(AND(youtube_stats_raw[[#This Row],[upload_frequency]]>23.1077381,youtube_stats_raw[[#This Row],[ engagement_rate]]<=0),"High",IF(OR(youtube_stats_raw[[#This Row],[upload_frequency]]>23.1077381,youtube_stats_raw[[#This Row],[ engagement_rate]]<=0),"Medium","Low")) -> Low | AO4: =DATE(T4, MATCH(U4,{"Jan","Feb","Mar","Apr","May","Jun","Jul","Aug","Sep","Oct","Nov","Dec"},0), V4) -> 40959 | AP4: =IF(youtube_stats_raw[[#This Row],[subscribers]]<70000000,"Micro",IF(youtube_stats_raw[[#This Row],[subscribers]]<128000000,"Mid",IF(youtube_stats_raw[[#This Row],[subscribers]]<186000000,"Macro","Mega"))) -> Macro | AQ4: =SUM((youtube_stats_raw[[#This Row],[lowest_yearly_earnings]] + youtube_stats_raw[[#This Row],[highest_yearly_earnings]])/2) -> 34350000 | AR4: =IF(youtube_stats_raw[[#This Row],[upload_frequency]]<=_xlfn.PERCENTILE.INC(AC:AC,0.2),"Very Low",IF(youtube_stats_raw[[#This Row],[upload_frequency]]<=_xlfn.PERCENTILE.INC(AC:AC,0.4),"Low",IF(youtube_stats_raw[[#This Row],[upload_frequency]]<=_xlfn.PERCENTILE.INC(AC:AC,0.6),"Medium",IF(youtube_stats_raw[[#This Row],[upload_frequency]]<=_xlfn.PERCENTILE.INC(AC:AC,0.8),"High","Very High")))) -> Low
A5: 4 | B5: Cocomelon - Nursery Rhymes | C5: 162000000 | D5: 164000000000 | E5: Education | F5: Cocomelon - Nursery Rhymes | G5: 966 | H5: United States | I5: US | J5: Education | K5: 2 | L5: 2 | M5: 1 | N5: 1975000000 | O5: 493800 | P5: 7900000 | Q5: 5900000 | R5: 94800000 | S5: 1000000 | T5: 2006 | U5: Sep | V5: 1 | W5: 88.2 | X5: 328239523 | Y5: 14.7 | Z5: 270663028 | AA5: 37.09024 | AB5: -95.712891 | AC5: 4.4722222 | AD5: 1.6977226e+08 | AE5: 167701.86 | AF5: 0.00098780488 | AG5: 48.170732 | AH5: 1012.3457 | AI5: 20 | AJ5: 7406200 | AK5: 88900000 | AL5: 50000 | AM5: =youtube_stats_raw[[#This Row],[subscribers_for_last_30_days]] / youtube_stats_raw[[#This Row],[subscribers]] -> 0.0061728395 | AN5: =IF(AND(youtube_stats_raw[[#This Row],[upload_frequency]]>23.1077381,youtube_stats_raw[[#This Row],[ engagement_rate]]<=0),"High",IF(OR(youtube_stats_raw[[#This Row],[upload_frequency]]>23.1077381,youtube_stats_raw[[#This Row],[ engagement_rate]]<=0),"Medium","Low")) -> Low | AO5: =DATE(T5, MATCH(U5,{"Jan","Feb","Mar","Apr","May","Jun","Jul","Aug","Sep","Oct","Nov","Dec"},0), V5) -> 38961 | AP5: =IF(youtube_stats_raw[[#This Row],[subscribers]]<70000000,"Micro",IF(youtube_stats_raw[[#This Row],[subscribers]]<128000000,"Mid",IF(youtube_stats_raw[[#This Row],[subscribers]]<186000000,"Macro","Mega"))) -> Macro | AQ5: =SUM((youtube_stats_raw[[#This Row],[lowest_yearly_earnings]] + youtube_stats_raw[[#This Row],[highest_yearly_earnings]])/2) -> 50350000 | AR5: =IF(youtube_stats_raw[[#This Row],[upload_frequency]]<=_xlfn.PERCENTILE.INC(AC:AC,0.2),"Very Low",IF(youtube_stats_raw[[#This Row],[upload_frequency]]<=_xlfn.PERCENTILE.INC(AC:AC,0.4),"Low",IF(youtube_stats_raw[[#This Row],[upload_frequency]]<=_xlfn.PERCENTILE.INC(AC:AC,0.6),"Medium",IF(youtube_stats_raw[[#This Row],[upload_frequency]]<=_xlfn.PERCENTILE.INC(AC:AC,0.8),"High","Very High")))) -> Low
A6: 5 | B6: SET India | C6: 159000000 | D6: 148000000000 | E6: Shows | F6: SET India | G6: 116536 | H6: India | I6: IN | J6: Entertainment | K6: 3 | L6: 2 | M6: 2 | N6: 1824000000 | O6: 455900 | P6: 7300000 | Q6: 5500000 | R6: 87500000 | S6: 1000000 | T6: 2006 | U6: Sep | V6: 20 | W6: 28.1 | X6: 1366417754 | Y6: 5.36 | Z6: 471031528 | AA6: 20.593684 | AB6: 78.96288 | AC6: 539.51852 | AD6: 1269993.8 | AE6: 1364.3853 | AF6: 0.0010743243 | AG6: 49.324324 | AH6: 930.81761 | AI6: 20 | AJ6: 6844100 | AK6: 82000000 | AL6: 50000 | AM6: =youtube_stats_raw[[#This Row],[subscribers_for_last_30_days]] / youtube_stats_raw[[#This Row],[subscribers]] -> 0.0062893082 | AN6: =IF(AND(youtube_stats_raw[[#This Row],[upload_frequency]]>23.1077381,youtube_stats_raw[[#This Row],[ engagement_rate]]<=0),"High",IF(OR(youtube_stats_raw[[#This Row],[upload_frequency]]>23.1077381,youtube_stats_raw[[#This Row],[ engagement_rate]]<=0),"Medium","Low")) -> Medium | AO6: =DATE(T6, MATCH(U6,{"Jan","Feb","Mar","Apr","May","Jun","Jul","Aug","Sep","Oct","Nov","Dec"},0), V6) -> 38980 | AP6: =IF(youtube_stats_raw[[#This Row],[subscribers]]<70000000,"Micro",IF(youtube_stats_raw[[#This Row],[subscribers]]<128000000,"Mid",IF(youtube_stats_raw[[#This Row],[subscribers]]<186000000,"Macro","Mega"))) -> Macro | AQ6: =SUM((youtube_stats_raw[[#This Row],[lowest_yearly_earnings]] + youtube_stats_raw[[#This Row],[highest_yearly_earnings]])/2) -> 46500000 | AR6: =IF(youtube_stats_raw[[#This Row],[upload_frequency]]<=_xlfn.PERCENTILE.INC(AC:AC,0.2),"Very Low",IF(youtube_stats_raw[[#This Row],[upload_frequency]]<=_xlfn.PERCENTILE.INC(AC:AC,0.4),"Low",IF(youtube_stats_raw[[#This Row],[upload_frequency]]<=_xlfn.PERCENTILE.INC(AC:AC,0.6),"Medium",IF(youtube_stats_raw[[#This Row],[upload_frequency]]<=_xlfn.PERCENTILE.INC(AC:AC,0.8),"High","Very High")))) -> Very High
A7: 7 | B7: ýýý Kids Diana Show | C7: 112000000 | D7: 93247040539 | E7: People & Blogs | F7: ýýý Kids Diana Show | G7: 1111 | H7: United States | I7: US | J7: Entertainment | K7: 5 | L7: 3 | M7: 3 | N7: 731674000 | O7: 182900 | P7: 2900000 | Q7: 2200000 | R7: 35100000 | S7: 0 | T7: 2015 | U7: May | V7: 12 | W7: 88.2 | X7: 328239523 | Y7: 14.7 | Z7: 270663028 | AA7: 37.09024 | AB7: -95.712891 | AC7: 10.287037 | AD7: 83930730 | AE7: 100810.08 | AF7: 0.0012011105 | AG7: 31.100183 | AH7: 832.56286 | AI7: 11 | AJ7: 2717100 | AK7: 32900000 | AL7: 0 | AM7: =youtube_stats_raw[[#This Row],[subscribers_for_last_30_days]] / youtube_stats_raw[[#This Row],[subscribers]] -> 0 | AN7: =IF(AND(youtube_stats_raw[[#This Row],[upload_frequency]]>23.1077381,youtube_stats_raw[[#This Row],[ engagement_rate]]<=0),"High",IF(OR(youtube_stats_raw[[#This Row],[upload_frequency]]>23.1077381,youtube_stats_raw[[#This Row],[ engagement_rate]]<=0),"Medium","Low")) -> Medium | AO7: =DATE(T7, MATCH(U7,{"Jan","Feb","Mar","Apr","May","Jun","Jul","Aug","Sep","Oct","Nov","Dec"},0), V7) -> 42136 | AP7: =IF(youtube_stats_raw[[#This Row],[subscribers]]<70000000,"Micro",IF(youtube_stats_raw[[#This Row],[subscribers]]<128000000,"Mid",IF(youtube_stats_raw[[#This Row],[subscribers]]<186000000,"Macro","Mega"))) -> Mid | AQ7: =SUM((youtube_stats_raw[[#This Row],[lowest_yearly_earnings]] + youtube_stats_raw[[#This Row],[highest_yearly_earnings]])/2) -> 18650000 | AR7: =IF(youtube_stats_raw[[#This Row],[upload_frequency]]<=_xlfn.PERCENTILE.INC(AC:AC,0.2),"Very Low",IF(youtube_stats_raw[[#This Row],[upload_frequency]]<=_xlfn.PERCENTILE.INC(AC:AC,0.4),"Low",IF(youtube_stats_raw[[#This Row],[upload_frequency]]<=_xlfn.PERCENTILE.INC(AC:AC,0.6),"Medium",IF(youtube_stats_raw[[#This Row],[upload_frequency]]<=_xlfn.PERCENTILE.INC(AC:AC,0.8),"High","Very High")))) -> Medium
A8: 8 | B8: PewDiePie | C8: 111000000 | D8: 29058044447 | E8: Gaming | F8: PewDiePie | G8: 4716 | H8: Japan | I8: JP | J8: Entertainment | K8: 44 | L8: 1 | M8: 4 | N8: 39184000 | O8: 9800 | P8: 156700 | Q8: 117600 | R8: 1900000 | S8: 0 | T8: 2010 | U8: Apr | V8: 29 | W8: 63.2 | X8: 126226568 | Y8: 2.29 | Z8: 115782416 | AA8: 36.204824 | AB8: 138.25292 | AC8: 28.071429 | AD8: 6161587 | AE8: 23536.896 | AF8: 0.0038199405 | AG8: 5.3926547 | AH8: 261.78418 | AI8: 16 | AJ8: 146900 | AK8: 1782400 | AL8: 0 | AM8: =youtube_stats_raw[[#This Row],[subscribers_for_last_30_days]] / youtube_stats_raw[[#This Row],[subscribers]] -> 0 | AN8: =IF(AND(youtube_stats_raw[[#This Row],[upload_frequency]]>23.1077381,youtube_stats_raw[[#This Row],[ engagement_rate]]<=0),"High",IF(OR(youtube_stats_raw[[#This Row],[upload_frequency]]>23.1077381,youtube_stats_raw[[#This Row],[ engagement_rate]]<=0),"Medium","Low")) -> High | AO8: =DATE(T8, MATCH(U8,{"Jan","Feb","Mar","Apr","May","Jun","Jul","Aug","Sep","Oct","Nov","Dec"},0), V8) -> 40297 | AP8: =IF(youtube_stats_raw[[#This Row],[subscribers]]<70000000,"Micro",IF(youtube_stats_raw[[#This Row],[subscribers]]<128000000,"Mid",IF(youtube_stats_raw[[#This Row],[subscribers]]<186000000,"Macro","Mega"))) -> Mid | AQ8: =SUM((youtube_stats_raw[[#This Row],[lowest_yearly_earnings]] + youtube_stats_raw[[#This Row],[highest_yearly_earnings]])/2) -> 1008800 | AR8: =IF(youtube_stats_raw[[#This Row],[upload_frequency]]<=_xlfn.PERCENTILE.INC(AC:AC,0.2),"Very Low",IF(youtube_stats_raw[[#This Row],[upload_frequency]]<=_xlfn.PERCENTILE.INC(AC:AC,0.4),"Low",IF(youtube_stats_raw[[#This Row],[upload_frequency]]<=_xlfn.PERCENTILE.INC(AC:AC,0.6),"Medium",IF(youtube_stats_raw[[#This Row],[upload_frequency]]<=_xlfn.PERCENTILE.INC(AC:AC,0.8),"High","Very High")))) -> High
A9: 9 | B9: Like Nastya | C9: 106000000 | D9: 90479060027 | E9: People & Blogs | F9: Like Nastya Vlog | G9: 493 | H9: Russia | I9: RU | J9: People | K9: 630 | L9: 5 | M9: 25 | N9: 48947000 | O9: 12200 | P9: 195800 | Q9: 146800 | R9: 2300000 | S9: 100000 | T9: 2016 | U9: Jan | V9: 14 | W9: 81.9 | X9: 144373535 | Y9: 4.59 | Z9: 107683889 | AA9: 61.52401 | AB9: 105.31876 | AC9: 5.1354167 | AD9: 1.8352751e+08 | AE9: 215010.14 | AF9: 0.0011715418 | AG9: 2.1640366 | AH9: 853.57604 | AI9: 10 | AJ9: 183600 | AK9: 2153200 | AL9: 10000 | AM9: =youtube_stats_raw[[#This Row],[subscribers_for_last_30_days]] / youtube_stats_raw[[#This Row],[subscribers]] -> 0.00094339623 | AN9: =IF(AND(youtube_stats_raw[[#This Row],[upload_frequency]]>23.1077381,youtube_stats_raw[[#This Row],[ engagement_rate]]<=0),"High",IF(OR(youtube_stats_raw[[#This Row],[upload_frequency]]>23.1077381,youtube_stats_raw[[#This Row],[ engagement_rate]]<=0),"Medium","Low")) -> Low | AO9: =DATE(T9, MATCH(U9,{"Jan","Feb","Mar","Apr","May","Jun","Jul","Aug","Sep","Oct","Nov","Dec"},0), V9) -> 42383 | AP9: =IF(youtube_stats_raw[[#This Row],[subscribers]]<70000000,"Micro",IF(youtube_stats_raw[[#This Row],[subscribers]]<128000000,"Mid",IF(youtube_stats_raw[[#This Row],[subscribers]]<186000000,"Macro","Mega"))) -> Mid | AQ9: =SUM((youtube_stats_raw[[#This Row],[lowest_yearly_earnings]] + youtube_stats_raw[[#This Row],[highest_yearly_earnings]])/2) -> 1223400 | AR9: =IF(youtube_stats_raw[[#This Row],[upload_frequency]]<=_xlfn.PERCENTILE.INC(AC:AC,0.2),"Very Low",IF(youtube_stats_raw[[#This Row],[upload_frequency]]<=_xlfn.PERCENTILE.INC(AC:AC,0.4),"Low",IF(youtube_stats_raw[[#This Row],[upload_frequency]]<=_xlfn.PERCENTILE.INC(AC:AC,0.6),"Medium",IF(youtube_stats_raw[[#This Row],[upload_frequency]]<=_xlfn.PERCENTILE.INC(AC:AC,0.8),"High","Very High")))) -> Low
A10: 10 | B10: Vlad and Niki | C10: 98900000 | D10: 77180169894 | E10: Entertainment | F10: Vlad and Niki | G10: 574 | H10: United States | I10: US | J10: Entertainment | K10: 8 | L10: 5 | M10: 6 | N10: 580574000 | O10: 145100 | P10: 2300000 | Q10: 1700000 | R10: 27900000 | S10: 600000 | T10: 2018 | U10: Apr | V10: 23 | W10: 88.2 | X10: 328239523 | Y10: 14.7 | Z10: 270663028 | AA10: 37.09024 | AB10: -95.712891 | AC10: 7.9722222 | AD10: 1.3446023e+08 | AE10: 172299.65 | AF10: 0.0012814172 | AG10: 29.800401 | AH10: 780.38594 | AI10: 8 | AJ10: 2154900 | AK10: 26200000 | AL10: 75000 | AM10: =youtube_stats_raw[[#This Row],[subscribers_for_last_30_days]] / youtube_stats_raw[[#This Row],[subscribers]] -> 0.0060667341 | AN10: =IF(AND(youtube_stats_raw[[#This Row],[upload_frequency]]>23.1077381,youtube_stats_raw[[#This Row],[ engagement_rate]]<=0),"High",IF(OR(youtube_stats_raw[[#This Row],[upload_frequency]]>23.1077381,youtube_stats_raw[[#This Row],[ engagement_rate]]<=0),"Medium","Low")) -> Low | AO10: =DATE(T10, MATCH(U10,{"Jan","Feb","Mar","Apr","May","Jun","Jul","Aug","Sep","Oct","Nov","Dec"},0), V10) -> 43213 | AP10: =IF(youtube_stats_raw[[#This Row],[subscribers]]<70000000,"Micro",IF(youtube_stats_raw[[#This Row],[subscribers]]<128000000,"Mid",IF(youtube_stats_raw[[#This Row],[subscribers]]<186000000,"Macro","Mega"))) -> Mid | AQ10: =SUM((youtube_stats_raw[[#This Row],[lowest_yearly_earnings]] + youtube_stats_raw[[#This Row],[highest_yearly_earnings]])/2) -> 14800000 | AR10: =IF(youtube_stats_raw[[#This Row],[upload_frequency]]<=_xlfn.PERCENTILE.INC(AC:AC,0.2),"Very Low",IF(youtube_stats_raw[[#This Row],[upload_frequency]]<=_xlfn.PERCENTILE.INC(AC:AC,0.4),"Low",IF(youtube_stats_raw[[#This Row],[upload_frequency]]<=_xlfn.PERCENTILE.INC(AC:AC,0.6),"Medium",IF(youtube_stats_raw[[#This Row],[upload_frequency]]<=_xlfn.PERCENTILE.INC(AC:AC,0.8),"High","Very High")))) -> Medium
A11: 11 | B11: Zee Music Company | C11: 96700000 | D11: 57856289381 | E11: Music | F11: Zee Music Company | G11: 8548 | H11: India | I11: IN | J11: Music | K11: 12 | L11: 3 | M11: 2 | N11: 803613000 | O11: 200900 | P11: 3200000 | Q11: 2400000 | R11: 38600000 | S11: 1100000 | T11: 2014 | U11: Mar | V11: 12 | W11: 28.1 | X11: 1366417754 | Y11: 5.36 | Z11: 471031528 | AA11: 20.593684 | AB11: 78.96288 | AC11: 71.233333 | AD11: 6768400.7 | AE11: 11312.588 | AF11: 0.0016713827 | AG11: 55.309458 | AH11: 598.30703 | AI11: 12 | AJ11: 2999100 | AK11: 36200000 | AL11: 91666.667 | AM11: =youtube_stats_raw[[#This Row],[subscribers_for_last_30_days]] / youtube_stats_raw[[#This Row],[subscribers]] -> 0.011375388 | AN11: =IF(AND(youtube_stats_raw[[#This Row],[upload_frequency]]>23.1077381,youtube_stats_raw[[#This Row],[ engagement_rate]]<=0),"High",IF(OR(youtube_stats_raw[[#This Row],[upload_frequency]]>23.1077381,youtube_stats_raw[[#This Row],[ engagement_rate]]<=0),"Medium","Low")) -> Medium | AO11: =DATE(T11, MATCH(U11,{"Jan","Feb","Mar","Apr","May","Jun","Jul","Aug","Sep","Oct","Nov","Dec"},0), V11) -> 41710 | AP11: =IF(youtube_stats_raw[[#This Row],[subscribers]]<70000000,"Micro",IF(youtube_stats_raw[[#This Row],[subscribers]]<128000000,"Mid",IF(youtube_stats_raw[[#This Row],[subscribers]]<186000000,"Macro","Mega"))) -> Mid | AQ11: =SUM((youtube_stats_raw[[#This Row],[lowest_yearly_earnings]] + youtube_stats_raw[[#This Row],[highest_yearly_earnings]])/2) -> 20500000 | AR11: =IF(youtube_stats_raw[[#This Row],[upload_frequency]]<=_xlfn.PERCENTILE.INC(AC:AC,0.2),"Very Low",IF(youtube_stats_raw[[#This Row],[upload_frequency]]<=_xlfn.PERCENTILE.INC(AC:AC,0.4),"Low",IF(youtube_stats_raw[[#This Row],[upload_frequency]]<=_xlfn.PERCENTILE.INC(AC:AC,0.6),"Medium",IF(youtube_stats_raw[[#This Row],[upload_frequency]]<=_xlfn.PERCENTILE.INC(AC:AC,0.8),"High","Very High")))) -> Very High
A12: 12 | B12: WWE | C12: 96000000 | D12: 77428473662 | E12: Sports | F12: WWE | G12: 70127 | H12: United States | I12: US | J12: Sports | K12: 7 | L12: 6 | M12: 1 | N12: 714614000 | O12: 178700 | P12: 2900000 | Q12: 2100000 | R12: 34300000 | S12: 600000 | T12: 2007 | U12: May | V12: 11 | W12: 88.2 | X12: 328239523 | Y12: 14.7 | Z12: 270663028 | AA12: 37.09024 | AB12: -95.712891 | AC12: 343.7598 | AD12: 1104117.9 | AE12: 1368.9449 | AF12: 0.001239854 | AG12: 37.453922 | AH12: 806.5466 | AI12: 19 | AJ12: 2721300 | AK12: 32200000 | AL12: 31578.947 | AM12: =youtube_stats_raw[[#This Row],[subscribers_for_last_30_days]] / youtube_stats_raw[[#This Row],[subscribers]] -> 0.00625 | AN12: =IF(AND(youtube_stats_raw[[#This Row],[upload_frequency]]>23.1077381,youtube_stats_raw[[#This Row],[ engagement_rate]]<=0),"High",IF(OR(youtube_stats_raw[[#This Row],[upload_frequency]]>23.1077381,youtube_stats_raw[[#This Row],[ engagement_rate]]<=0),"Medium","Low")) -> Medium | AO12: =DATE(T12, MATCH(U12,{"Jan","Feb","Mar","Apr","May","Jun","Jul","Aug","Sep","Oct","Nov","Dec"},0), V12) -> 39213 | AP12: =IF(youtube_stats_raw[[#This Row],[subscribers]]<70000000,"Micro",IF(youtube_stats_raw[[#This Row],[subscribers]]<128000000,"Mid",IF(youtube_stats_raw[[#This Row],[subscribers]]<186000000,"Macro","Mega"))) -> Mid | AQ12: =SUM((youtube_stats_raw[[#This Row],[lowest_yearly_earnings]] + youtube_stats_raw[[#This Row],[highest_yearly_earnings]])/2) -> 18200000 | AR12: =IF(youtube_stats_raw[[#This Row],[upload_frequency]]<=_xlfn.PERCENTILE.INC(AC:AC,0.2),"Very Low",IF(youtube_stats_raw[[#This Row],[upload_frequency]]<=_xlfn.PERCENTILE.INC(AC:AC,0.4),"Low",IF(youtube_stats_raw[[#This Row],[upload_frequency]]<=_xlfn.PERCENTILE.INC(AC:AC,0.6),"Medium",IF(youtube_stats_raw[[#This Row],[upload_frequency]]<=_xlfn.PERCENTILE.INC(AC:AC,0.8),"High","Very High")))) -> Very High
A13: 14 | B13: BLACKPINK | C13: 89800000 | D13: 32144597566 | E13: People & Blogs | F13: BLACKPINK | G13: 543 | H13: South Korea | I13: KR | J13: Music | K13: 32 | L13: 1 | M13: 3 | N13: 498930000 | O13: 124700 | P13: 2000000 | Q13: 1500000 | R13: 23900000 | S13: 700000 | T13: 2016 | U13: Jun | V13: 29 | W13: 94.3 | X13: 51709098 | Y13: 4.15 | Z13: 42106719 | AA13: 35.907757 | AB13: 127.76692 | AC13: 5.65625 | AD13: 59198154 | AE13: 165377.53 | AF13: 0.0027936265 | AG13: 62.218853 | AH13: 357.95766 | AI13: 10 | AJ13: 1875300 | AK13: 22400000 | AL13: 70000 | AM13: =youtube_stats_raw[[#This Row],[subscribers_for_last_30_days]] / youtube_stats_raw[[#This Row],[subscribers]] -> 0.0077951002 | AN13: =IF(AND(youtube_stats_raw[[#This Row],[upload_frequency]]>23.1077381,youtube_stats_raw[[#This Row],[ engagement_rate]]<=0),"High",IF(OR(youtube_stats_raw[[#This Row],[upload_frequency]]>23.1077381,youtube_stats_raw[[#This Row],[ engagement_rate]]<=0),"Medium","Low")) -> Low | AO13: =DATE(T13, MATCH(U13,{"Jan","Feb","Mar","Apr","May","Jun","Jul","Aug","Sep","Oct","Nov","Dec"},0), V13) -> 42550 | AP13: =IF(youtube_stats_raw[[#This Row],[subscribers]]<70000000,"Micro",IF(youtube_stats_raw[[#This Row],[subscribers]]<128000000,"Mid",IF(youtube_stats_raw[[#This Row],[subscribers]]<186000000,"Macro","Mega"))) -> Mid | AQ13: =SUM((youtube_stats_raw[[#This Row],[lowest_yearly_earnings]] + youtube_stats_raw[[#This Row],[highest_yearly_earnings]])/2) -> 12700000 | AR13: =IF(youtube_stats_raw[[#This Row],[upload_frequency]]<=_xlfn.PERCENTILE.INC(AC:AC,0.2),"Very Low",IF(youtube_stats_raw[[#This Row],[upload_frequency]]<=_xlfn.PERCENTILE.INC(AC:AC,0.4),"Low",IF(youtube_stats_raw[[#This Row],[upload_frequency]]<=_xlfn.PERCENTILE.INC(AC:AC,0.6),"Medium",IF(youtube_stats_raw[[#This Row],[upload_frequency]]<=_xlfn.PERCENTILE.INC(AC:AC,0.8),"High","Very High")))) -> Medium
A14: 16 | B14: Sony SAB | C14: 83000000 | D14: 101000000000 | E14: Shows | F14: Sony SAB | G14: 71270 | H14: India | I14: IN | J14: Entertainment | K14: 4 | L14: 5 | M14: 7 | N14: 1657000000 | O14: 414300 | P14: 6600000 | Q14: 5000000 | R14: 79600000 | S14: 1100000 | T14: 2007 | U14: Aug | V14: 4 | W14: 28.1 | X14: 1366417754 | Y14: 5.36 | Z14: 471031528 | AA14: 20.593684 | AB14: 78.96288 | AC14: 349.36275 | AD14: 1417146.1 | AE14: 1164.5854 | AF14: 0.00082178218 | AG14: 65.346535 | AH14: 1216.8675 | AI14: 19 | AJ14: 6185700 | AK14: 74600000 | AL14: 57894.737 | AM14: =youtube_stats_raw[[#This Row],[subscribers_for_last_30_days]] / youtube_stats_raw[[#This Row],[subscribers]] -> 0.013253012 | AN14: =IF(AND(youtube_stats_raw[[#This Row],[upload_frequency]]>23.1077381,youtube_stats_raw[[#This Row],[ engagement_rate]]<=0),"High",IF(OR(youtube_stats_raw[[#This Row],[upload_frequency]]>23.1077381,youtube_stats_raw[[#This Row],[ engagement_rate]]<=0),"Medium","Low")) -> Medium | AO14: =DATE(T14, MATCH(U14,{"Jan","Feb","Mar","Apr","May","Jun","Jul","Aug","Sep","Oct","Nov","Dec"},0), V14) -> 39298 | AP14: =IF(youtube_stats_raw[[#This Row],[subscribers]]<70000000,"Micro",IF(youtube_stats_raw[[#This Row],[subscribers]]<128000000,"Mid",IF(youtube_stats_raw[[#This Row],[subscribers]]<186000000,"Macro","Mega"))) -> Mid | AQ14: =SUM((youtube_stats_raw[[#This Row],[lowest_yearly_earnings]] + youtube_stats_raw[[#This Row],[highest_yearly_earnings]])/2) -> 42300000 | AR14: =IF(youtube_stats_raw[[#This Row],[upload_frequency]]<=_xlfn.PERCENTILE.INC(AC:AC,0.2),"Very Low",IF(youtube_stats_raw[[#This Row],[upload_frequency]]<=_xlfn.PERCENTILE.INC(AC:AC,0.4),"Low",IF(youtube_stats_raw[[#This Row],[upload_frequency]]<=_xlfn.PERCENTILE.INC(AC:AC,0.6),"Medium",IF(youtube_stats_raw[[#This Row],[upload_frequency]]<=_xlfn.PERCENTILE.INC(AC:AC,0.8),"High","Very High")))) -> Very High
A15: 17 | B15: 5-Minute Crafts | C15: 80100000 | D15: 26236790209 | E15: Howto & Style | F15: 5-Minute Crafts 2.0 | G15: 1 | H15: United Kingdom | I15: GB | J15: Entertainment | K15: 4057901 | L15: 4797 | M15: 6781 | N15: 1 | O15: 0 | P15: 0 | Q15: 0 | R15: 0 | S15: 0 | T15: 2020 | U15: Jul | V15: 27 | W15: 60 | X15: 66834405 | Y15: 3.85 | Z15: 55908316 | AA15: 55.378051 | AB15: -3.435973 | AC15: 0.020833333 | AD15: 26236790209 | AE15: 80100000 | AF15: 0.0030529649 | AG15: 0 | AH15: 327.55044 | AI15: 6 | AJ15: 0 | AK15: 0 | AL15: 0 | AM15: =youtube_stats_raw[[#This Row],[subscribers_for_last_30_days]] / youtube_stats_raw[[#This Row],[subscribers]] -> 0 | AN15: =IF(AND(youtube_stats_raw[[#This Row],[upload_frequency]]>23.1077381,youtube_stats_raw[[#This Row],[ engagement_rate]]<=0),"High",IF(OR(youtube_stats_raw[[#This Row],[upload_frequency]]>23.1077381,youtube_stats_raw[[#This Row],[ engagement_rate]]<=0),"Medium","Low")) -> Medium | AO15: =DATE(T15, MATCH(U15,{"Jan","Feb","Mar","Apr","May","Jun","Jul","Aug","Sep","Oct","Nov","Dec"},0), V15) -> 44039 | AP15: =IF(youtube_stats_raw[[#This Row],[subscribers]]<70000000,"Micro",IF(youtube_stats_raw[[#This Row],[subscribers]]<128000000,"Mid",IF(youtube_stats_raw[[#This Row],[subscribers]]<186000000,"Macro","Mega"))) -> Mid | AQ15: =SUM((youtube_stats_raw[[#This Row],[lowest_yearly_earnings]] + youtube_stats_raw[[#This Row],[highest_yearly_earnings]])/2) -> 0 | AR15: =IF(youtube_stats_raw[[#This Row],[upload_frequency]]<=_xlfn.PERCENTILE.INC(AC:AC,0.2),"Very Low",IF(youtube_stats_raw[[#This Row],[upload_frequency]]<=_xlfn.PERCENTILE.INC(AC:AC,0.4),"Low",IF(youtube_stats_raw[[#This Row],[upload_frequency]]<=_xlfn.PERCENTILE.INC(AC:AC,0.6),"Medium",IF(youtube_stats_raw[[#This Row],[upload_frequency]]<=_xlfn.PERCENTILE.INC(AC:AC,0.8),"High","Very High")))) -> Very Low
A16: 18 | B16: BANGTANTV | C16: 75600000 | D16: 20826993957 | E16: Music | F16: BANGTANTV | G16: 2281 | H16: South Korea | I16: KR | J16: Music | K16: 112 | L16: 2 | M16: 4 | N16: 168290000 | O16: 42100 | P16: 673200 | Q16: 504900 | R16: 8100000 | S16: 400000 | T16: 2012 | U16: Dec | V16: 17 | W16: 94.3 | X16: 51709098 | Y16: 4.15 | Z16: 42106719 | AA16: 35.907757 | AB16: 127.76692 | AC16: 15.840278 | AD16: 9130641.8 | AE16: 33143.358 | AF16: 0.0036299045 | AG16: 32.323436 | AH16: 275.48934 | AI16: 14 | AJ16: 631100 | AK16: 7595100 | AL16: 28571.429 | AM16: =youtube_stats_raw[[#This Row],[subscribers_for_last_30_days]] / youtube_stats_raw[[#This Row],[subscribers]] -> 0.0052910053 | AN16: =IF(AND(youtube_stats_raw[[#This Row],[upload_frequency]]>23.1077381,youtube_stats_raw[[#This Row],[ engagement_rate]]<=0),"High",IF(OR(youtube_stats_raw[[#This Row],[upload_frequency]]>23.1077381,youtube_stats_raw[[#This Row],[ engagement_rate]]<=0),"Medium","Low")) -> Low | AO16: =DATE(T16, MATCH(U16,{"Jan","Feb","Mar","Apr","May","Jun","Jul","Aug","Sep","Oct","Nov","Dec"},0), V16) -> 41260 | AP16: =IF(youtube_stats_raw[[#This Row],[subscribers]]<70000000,"Micro",IF(youtube_stats_raw[[#This Row],[subscribers]]<128000000,"Mid",IF(youtube_stats_raw[[#This Row],[subscribers]]<186000000,"Macro","Mega"))) -> Mid | AQ16: =SUM((youtube_stats_raw[[#This Row],[lowest_yearly_earnings]] + youtube_stats_raw[[#This Row],[highest_yearly_earnings]])/2) -> 4302450 | AR16: =IF(youtube_stats_raw[[#This Row],[upload_frequency]]<=_xlfn.PERCENTILE.INC(AC:AC,0.2),"Very Low",IF(youtube_stats_raw[[#This Row],[upload_frequency]]<=_xlfn.PERCENTILE.INC(AC:AC,0.4),"Low",IF(youtube_stats_raw[[#This Row],[upload_frequency]]<=_xlfn.PERCENTILE.INC(AC:AC,0.6),"Medium",IF(youtube_stats_raw[[#This Row],[upload_frequency]]<=_xlfn.PERCENTILE.INC(AC:AC,0.8),"High","Very High")))) -> High
A17: 19 | B17: Sports | C17: 75000000 | D17: 0 | E17: Entertainment | F17: sports | G17: 3 | H17: United States | I17: US | J17: Entertainment | K17: 3898122 | L17: 6266 | M17: 5395 | N17: 16 | O17: 0 | P17: 0 | Q17: 0 | R17: 1 | S17: 0 | T17: 2006 | U17: Jan | V17: 30 | W17: 88.2 | X17: 328239523 | Y17: 14.7 | Z17: 270663028 | AA17: 37.09024 | AB17: -95.712891 | AC17: 0.013888889 | AD17: 0 | AE17: 25000000 | AF17: 0 | AG17: #NUM! | AH17: 0 | AI17: 20 | AJ17: 0 | AK17: 1 | AL17: 0 | AM17: =youtube_stats_raw[[#This Row],[subscribers_for_last_30_days]] / youtube_stats_raw[[#This Row],[subscribers]] -> 0 | AN17: =IF(AND(youtube_stats_raw[[#This Row],[upload_frequency]]>23.1077381,youtube_stats_raw[[#This Row],[ engagement_rate]]<=0),"High",IF(OR(youtube_stats_raw[[#This Row],[upload_frequency]]>23.1077381,youtube_stats_raw[[#This Row],[ engagement_rate]]<=0),"Medium","Low")) -> Medium | AO17: =DATE(T17, MATCH(U17,{"Jan","Feb","Mar","Apr","May","Jun","Jul","Aug","Sep","Oct","Nov","Dec"},0), V17) -> 38747 | AP17: =IF(youtube_stats_raw[[#This Row],[subscribers]]<70000000,"Micro",IF(youtube_stats_raw[[#This Row],[subscribers]]<128000000,"Mid",IF(youtube_stats_raw[[#This Row],[subscribers]]<186000000,"Macro","Mega"))) -> Mid | AQ17: =SUM((youtube_stats_raw[[#This Row],[lowest_yearly_earnings]] + youtube_stats_raw[[#This Row],[highest_yearly_earnings]])/2) -> 0.5 | AR17: =IF(youtube_stats_raw[[#This Row],[upload_frequency]]<=_xlfn.PERCENTILE.INC(AC:AC,0.2),"Very Low",IF(youtube_stats_raw[[#This Row],[upload_frequency]]<=_xlfn.PERCENTILE.INC(AC:AC,0.4),"Low",IF(youtube_stats_raw[[#This Row],[upload_frequency]]<=_xlfn.PERCENTILE.INC(AC:AC,0.6),"Medium",IF(youtube_stats_raw[[#This Row],[upload_frequency]]<=_xlfn.PERCENTILE.INC(AC:AC,0.8),"High","Very High")))) -> Very Low
A18: 20 | B18: Justin Bieber | C18: 71600000 | D18: 30608119724 | E18: Music | F18: Justin Bieber | G18: 249 | H18: Canada | I18: CA | J18: Music | K18: 38 | L18: 1 | M18: 6 | N18: 176326000 | O18: 44100 | P18: 705300 | Q18: 529000 | R18: 8500000 | S18: 100000 | T18: 2007 | U18: Jan | V18: 15 | W18: 68.9 | X18: 36991981 | Y18: 5.56 | Z18: 30628482 | AA18: 56.130366 | AB18: -106.34677 | AC18: 1.2205882 | AD18: 1.2292418e+08 | AE18: 287550.2 | AF18: 0.0023392486 | AG18: 23.042905 | AH18: 427.48771 | AI18: 19 | AJ18: 661200 | AK18: 7971000 | AL18: 5263.1579 | AM18: =youtube_stats_raw[[#This Row],[subscribers_for_last_30_days]] / youtube_stats_raw[[#This Row],[subscribers]] -> 0.001396648 | AN18: =IF(AND(youtube_stats_raw[[#This Row],[upload_frequency]]>23.1077381,youtube_stats_raw[[#This Row],[ engagement_rate]]<=0),"High",IF(OR(youtube_stats_raw[[#This Row],[upload_frequency]]>23.1077381,youtube_stats_raw[[#This Row],[ engagement_rate]]<=0),"Medium","Low")) -> Low | AO18: =DATE(T18, MATCH(U18,{"Jan","Feb","Mar","Apr","May","Jun","Jul","Aug","Sep","Oct","Nov","Dec"},0), V18) -> 39097 | AP18: =IF(youtube_stats_raw[[#This Row],[subscribers]]<70000000,"Micro",IF(youtube_stats_raw[[#This Row],[subscribers]]<128000000,"Mid",IF(youtube_stats_raw[[#This Row],[subscribers]]<186000000,"Macro","Mega"))) -> Mid | AQ18: =SUM((youtube_stats_raw[[#This Row],[lowest_yearly_earnings]] + youtube_stats_raw[[#This Row],[highest_yearly_earnings]])/2) -> 4514500 | AR18: =IF(youtube_stats_raw[[#This Row],[upload_frequency]]<=_xlfn.PERCENTILE.INC(AC:AC,0.2),"Very Low",IF(youtube_stats_raw[[#This Row],[upload_frequency]]<=_xlfn.PERCENTILE.INC(AC:AC,0.4),"Low",IF(youtube_stats_raw[[#This Row],[upload_frequency]]<=_xlfn.PERCENTILE.INC(AC:AC,0.6),"Medium",IF(youtube_stats_raw[[#This Row],[upload_frequency]]<=_xlfn.PERCENTILE.INC(AC:AC,0.8),"High","Very High")))) -> Very Low
A19: 21 | B19: HYBE LABELS | C19: 71300000 | D19: 28634566938 | E19: Music | F19: HYBE LABELS | G19: 1337 | H19: South Korea | I19: KR | J19: Music | K19: 46 | L19: 3 | M19: 5 | N19: 598173000 | O19: 149500 | P19: 2400000 | Q19: 1800000 | R19: 28700000 | S19: 900000 | T19: 2008 | U19: Jun | V19: 4 | W19: 94.3 | X19: 51709098 | Y19: 4.15 | Z19: 42106719 | AA19: 35.907757 | AB19: 127.76692 | AC19: 6.9635417 | AD19: 21417028 | AE19: 53328.347 | AF19: 0.0024899975 | AG19: 83.814783 | AH19: 401.60683 | AI19: 18 | AJ19: 2250500 | AK19: 26900000 | AL19: 50000 | AM19: =youtube_stats_raw[[#This Row],[subscribers_for_last_30_days]] / youtube_stats_raw[[#This Row],[subscribers]] -> 0.012622721 | AN19: =IF(AND(youtube_stats_raw[[#This Row],[upload_frequency]]>23.1077381,youtube_stats_raw[[#This Row],[ engagement_rate]]<=0),"High",IF(OR(youtube_stats_raw[[#This Row],[upload_frequency]]>23.1077381,youtube_stats_raw[[#This Row],[ engagement_rate]]<=0),"Medium","Low")) -> Low | AO19: =DATE(T19, MATCH(U19,{"Jan","Feb","Mar","Apr","May","Jun","Jul","Aug","Sep","Oct","Nov","Dec"},0), V19) -> 39603 | AP19: =IF(youtube_stats_raw[[#This Row],[subscribers]]<70000000,"Micro",IF(youtube_stats_raw[[#This Row],[subscribers]]<128000000,"Mid",IF(youtube_stats_raw[[#This Row],[subscribers]]<186000000,"Macro","Mega"))) -> Mid | AQ19: =SUM((youtube_stats_raw[[#This Row],[lowest_yearly_earnings]] + youtube_stats_raw[[#This Row],[highest_yearly_earnings]])/2) -> 15250000 | AR19: =IF(youtube_stats_raw[[#This Row],[upload_frequency]]<=_xlfn.PERCENTILE.INC(AC:AC,0.2),"Very Low",IF(youtube_stats_raw[[#This Row],[upload_frequency]]<=_xlfn.PERCENTILE.INC(AC:AC,0.4),"Low",IF(youtube_stats_raw[[#This Row],[upload_frequency]]<=_xlfn.PERCENTILE.INC(AC:AC,0.6),"Medium",IF(youtube_stats_raw[[#This Row],[upload_frequency]]<=_xlfn.PERCENTILE.INC(AC:AC,0.8),"High","Very High")))) -> Medium
A20: 22 | B20: Zee TV | C20: 70500000 | D20: 73139054467 | E20: Entertainment | F20: Zee TV | G20: 129204 | H20: India | I20: IN | J20: Entertainment | K20: 9 | L20: 6 | M20: 8 | N20: 1707000000 | O20: 426800 | P20: 6800000 | Q20: 5100000 | R20: 81900000 | S20: 900000 | T20: 2005 | U20: Dec | V20: 11 | W20: 28.1 | X20: 1366417754 | Y20: 5.36 | Z20: 471031528 | AA20: 20.593684 | AB20: 78.96288 | AC20: 566.68421 | AD20: 566074.23 | AE20: 545.64874 | AF20: 0.0009639173 | AG20: 92.973584 | AH20: 1037.4334 | AI20: 21 | AJ20: 6373200 | AK20: 76800000 | AL20: 42857.143 | AM20: =youtube_stats_raw[[#This Row],[subscribers_for_last_30_days]] / youtube_stats_raw[[#This Row],[subscribers]] -> 0.012765957 | AN20: =IF(AND(youtube_stats_raw[[#This Row],[upload_frequency]]>23.1077381,youtube_stats_raw[[#This Row],[ engagement_rate]]<=0),"High",IF(OR(youtube_stats_raw[[#This Row],[upload_frequency]]>23.1077381,youtube_stats_raw[[#This Row],[ engagement_rate]]<=0),"Medium","Low")) -> Medium | AO20: =DATE(T20, MATCH(U20,{"Jan","Feb","Mar","Apr","May","Jun","Jul","Aug","Sep","Oct","Nov","Dec"},0), V20) -> 38697 | AP20: =IF(youtube_stats_raw[[#This Row],[subscribers]]<70000000,"Micro",IF(youtube_stats_raw[[#This Row],[subscribers]]<128000000,"Mid",IF(youtube_stats_raw[[#This Row],[subscribers]]<186000000,"Macro","Mega"))) -> Mid | AQ20: =SUM((youtube_stats_raw[[#This Row],[lowest_yearly_earnings]] + youtube_stats_raw[[#This Row],[highest_yearly_earnings]])/2) -> 43500000 | AR20: =IF(youtube_stats_raw[[#This Row],[upload_frequency]]<=_xlfn.PERCENTILE.INC(AC:AC,0.2),"Very Low",IF(youtube_stats_raw[[#This Row],[upload_frequency]]<=_xlfn.PERCENTILE.INC(AC:AC,0.4),"Low",IF(youtube_stats_raw[[#This Row],[upload_frequency]]<=_xlfn.PERCENTILE.INC(AC:AC,0.6),"Medium",IF(youtube_stats_raw[[#This Row],[upload_frequency]]<=_xlfn.PERCENTILE.INC(AC:AC,0.8),"High","Very High")))) -> Very High
A21: 23 | B21: Pinkfong Baby Shark - Kids' Songs & Stories | C21: 68200000 | D21: 38843229963 | E21: Education | F21: Pinkfong Baby Shark - Kids' Songs & Stories | G21: 2865 | H21: United States | I21: US | J21: Education | K21: 23 | L21: 8 | M21: 2 | N21: 473387000 | O21: 118300 | P21: 1900000 | Q21: 1400000 | R21: 22700000 | S21: 600000 | T21: 2011 | U21: Dec | V21: 14 | W21: 88.2 | X21: 328239523 | Y21: 14.7 | Z21: 270663028 | AA21: 37.09024 | AB21: -95.712891 | AC21: 18.365385 | AD21: 13557846 | AE21: 23804.538 | AF21: 0.0017557757 | AG21: 48.914573 | AH21: 569.54883 | AI21: 15 | AJ21: 1781700 | AK21: 21300000 | AL21: 40000 | AM21: =youtube_stats_raw[[#This Row],[subscribers_for_last_30_days]] / youtube_stats_raw[[#This Row],[subscribers]] -> 0.008797654 | AN21: =IF(AND(youtube_stats_raw[[#This Row],[upload_frequency]]>23.1077381,youtube_stats_raw[[#This Row],[ engagement_rate]]<=0),"High",IF(OR(youtube_stats_raw[[#This Row],[upload_frequency]]>23.1077381,youtube_stats_raw[[#This Row],[ engagement_rate]]<=0),"Medium","Low")) -> Low | AO21: =DATE(T21, MATCH(U21,{"Jan","Feb","Mar","Apr","May","Jun","Jul","Aug","Sep","Oct","Nov","Dec"},0), V21) -> 40891 | AP21: =IF(youtube_stats_raw[[#This Row],[subscribers]]<70000000,"Micro",IF(youtube_stats_raw[[#This Row],[subscribers]]<128000000,"Mid",IF(youtube_stats_raw[[#This Row],[subscribers]]<186000000,"Macro","Mega"))) -> Micro | AQ21: =SUM((youtube_stats_raw[[#This Row],[lowest_yearly_earnings]] + youtube_stats_raw[[#This Row],[highest_yearly_earnings]])/2) -> 12050000 | AR21: =IF(youtube_stats_raw[[#This Row],[upload_frequency]]<=_xlfn.PERCENTILE.INC(AC:AC,0.2),"Very Low",IF(youtube_stats_raw[[#This Row],[upload_frequency]]<=_xlfn.PERCENTILE.INC(AC:AC,0.4),"Low",IF(youtube_stats_raw[[#This Row],[upload_frequency]]<=_xlfn.PERCENTILE.INC(AC:AC,0.6),"Medium",IF(youtube_stats_raw[[#This Row],[upload_frequency]]<=_xlfn.PERCENTILE.INC(AC:AC,0.8),"High","Very High")))) -> High
A22: 24 | B22: Canal KondZilla | C22: 66500000 | D22: 36775585925 | E22: Music | F22: Canal KondZilla | G22: 2572 | H22: Brazil | I22: BR | J22: Music | K22: 25 | L22: 1 | M22: 7 | N22: 447223000 | O22: 0 | P22: 0 | Q22: 0 | R22: 0 | S22: 0 | T22: 2012 | U22: Mar | V22: 21 | W22: 51.3 | X22: 212559417 | Y22: 12.08 | Z22: 183241641 | AA22: -14.235004 | AB22: -51.92528 | AC22: 17.861111 | AD22: 14298439 | AE22: 25855.365 | AF22: 0.0018082649 | AG22: 0 | AH22: 553.01633 | AI22: 14 | AJ22: 0 | AK22: 0 | AL22: 0 | AM22: =youtube_stats_raw[[#This Row],[subscribers_for_last_30_days]] / youtube_stats_raw[[#This Row],[subscribers]] -> 0 | AN22: =IF(AND(youtube_stats_raw[[#This Row],[upload_frequency]]>23.1077381,youtube_stats_raw[[#This Row],[ engagement_rate]]<=0),"High",IF(OR(youtube_stats_raw[[#This Row],[upload_frequency]]>23.1077381,youtube_stats_raw[[#This Row],[ engagement_rate]]<=0),"Medium","Low")) -> Medium | AO22: =DATE(T22, MATCH(U22,{"Jan","Feb","Mar","Apr","May","Jun","Jul","Aug","Sep","Oct","Nov","Dec"},0), V22) -> 40989 | AP22: =IF(youtube_stats_raw[[#This Row],[subscribers]]<70000000,"Micro",IF(youtube_stats_raw[[#This Row],[subscribers]]<128000000,"Mid",IF(youtube_stats_raw[[#This Row],[subscribers]]<186000000,"Macro","Mega"))) -> Micro | AQ22: =SUM((youtube_stats_raw[[#This Row],[lowest_yearly_earnings]] + youtube_stats_raw[[#This Row],[highest_yearly_earnings]])/2) -> 0 | AR22: =IF(youtube_stats_raw[[#This Row],[upload_frequency]]<=_xlfn.PERCENTILE.INC(AC:AC,0.2),"Very Low",IF(youtube_stats_raw[[#This Row],[upload_frequency]]<=_xlfn.PERCENTILE.INC(AC:AC,0.4),"Low",IF(youtube_stats_raw[[#This Row],[upload_frequency]]<=_xlfn.PERCENTILE.INC(AC:AC,0.6),"Medium",IF(youtube_stats_raw[[#This Row],[upload_frequency]]<=_xlfn.PERCENTILE.INC(AC:AC,0.8),"High","Very High")))) -> High
A23: 25 | B23: ChuChu TV Nursery Rhymes & Kids Songs | C23: 65900000 | D23: 45757850229 | E23: Education | F23: ChuChu TV Nursery Rhymes & Kids Songs | G23: 633 | H23: India | I23: IN | J23: Education | K23: 18 | L23: 7 | M23: 3 | N23: 420292000 | O23: 105100 | P23: 1700000 | Q23: 1300000 | R23: 20200000 | S23: 500000 | T23: 2013 | U23: Feb | V23: 9 | W23: 28.1 | X23: 1366417754 | Y23: 5.36 | Z23: 471031528 | AA23: 20.593684 | AB23: 78.96288 | AC23: 4.7954545 | AD23: 72287283 | AE23: 104107.42 | AF23: 0.00144019 | AG23: 37.152095 | AH23: 694.35281 | AI23: 13 | AJ23: 1594900 | AK23: 18900000 | AL23: 38461.538 | AM23: =youtube_stats_raw[[#This Row],[subscribers_for_last_30_days]] / youtube_stats_raw[[#This Row],[subscribers]] -> 0.0075872534 | AN23: =IF(AND(youtube_stats_raw[[#This Row],[upload_frequency]]>23.1077381,youtube_stats_raw[[#This Row],[ engagement_rate]]<=0),"High",IF(OR(youtube_stats_raw[[#This Row],[upload_frequency]]>23.1077381,youtube_stats_raw[[#This Row],[ engagement_rate]]<=0),"Medium","Low")) -> Low | AO23: =DATE(T23, MATCH(U23,{"Jan","Feb","Mar","Apr","May","Jun","Jul","Aug","Sep","Oct","Nov","Dec"},0), V23) -> 41314 | AP23: =IF(youtube_stats_raw[[#This Row],[subscribers]]<70000000,"Micro",IF(youtube_stats_raw[[#This Row],[subscribers]]<128000000,"Mid",IF(youtube_stats_raw[[#This Row],[subscribers]]<186000000,"Macro","Mega"))) -> Micro | AQ23: =SUM((youtube_stats_raw[[#This Row],[lowest_yearly_earnings]] + youtube_stats_raw[[#This Row],[highest_yearly_earnings]])/2) -> 10750000 | AR23: =IF(youtube_stats_raw[[#This Row],[upload_frequency]]<=_xlfn.PERCENTILE.INC(AC:AC,0.2),"Very Low",IF(youtube_stats_raw[[#This Row],[upload_frequency]]<=_xlfn.PERCENTILE.INC(AC:AC,0.4),"Low",IF(youtube_stats_raw[[#This Row],[upload_frequency]]<=_xlfn.PERCENTILE.INC(AC:AC,0.6),"Medium",IF(youtube_stats_raw[[#This Row],[upload_frequency]]<=_xlfn.PERCENTILE.INC(AC:AC,0.8),"High","Very High")))) -> Low
A24: 26 | B24: Shemaroo Filmi Gaane | C24: 65600000 | D24: 28648024439 | E24: Music | F24: Shemaroo Filmi Gaane | G24: 8502 | H24: India | I24: IN | J24: Music | K24: 47 | L24: 8 | M24: 8 | N24: 254961000 | O24: 63700 | P24: 1000000 | Q24: 764900 | R24: 12200000 | S24: 400000 | T24: 2010 | U24: Jun | V24: 11 | W24: 28.1 | X24: 1366417754 | Y24: 5.36 | Z24: 471031528 | AA24: 20.593684 | AB24: 78.96288 | AC24: 50.607143 | AD24: 3369563 | AE24: 7715.8316 | AF24: 0.0022898612 | AG24: 34.906421 | AH24: 436.70769 | AI24: 16 | AJ24: 936300 | AK24: 11435100 | AL24: 25000 | AM24: =youtube_stats_raw[[#This Row],[subscribers_for_last_30_days]] / youtube_stats_raw[[#This Row],[subscribers]] -> 0.006097561 | AN24: =IF(AND(youtube_stats_raw[[#This Row],[upload_frequency]]>23.1077381,youtube_stats_raw[[#This Row],[ engagement_rate]]<=0),"High",IF(OR(youtube_stats_raw[[#This Row],[upload_frequency]]>23.1077381,youtube_stats_raw[[#This Row],[ engagement_rate]]<=0),"Medium","Low")) -> Medium | AO24: =DATE(T24, MATCH(U24,{"Jan","Feb","Mar","Apr","May","Jun","Jul","Aug","Sep","Oct","Nov","Dec"},0), V24) -> 40340 | AP24: =IF(youtube_stats_raw[[#This Row],[subscribers]]<70000000,"Micro",IF(youtube_stats_raw[[#This Row],[subscribers]]<128000000,"Mid",IF(youtube_stats_raw[[#This Row],[subscribers]]<186000000,"Macro","Mega"))) -> Micro | AQ24: =SUM((youtube_stats_raw[[#This Row],[lowest_yearly_earnings]] + youtube_stats_raw[[#This Row],[highest_yearly_earnings]])/2) -> 6482450 | AR24: =IF(youtube_stats_raw[[#This Row],[upload_frequency]]<=_xlfn.PERCENTILE.INC(AC:AC,0.2),"Very Low",IF(youtube_stats_raw[[#This Row],[upload_frequency]]<=_xlfn.PERCENTILE.INC(AC:AC,0.4),"Low",IF(youtube_stats_raw[[#This Row],[upload_frequency]]<=_xlfn.PERCENTILE.INC(AC:AC,0.6),"Medium",IF(youtube_stats_raw[[#This Row],[upload_frequency]]<=_xlfn.PERCENTILE.INC(AC:AC,0.8),"High","Very High")))) -> Very High
A25: 27 | B25: Colors TV | C25: 64600000 | D25: 61510906457 | E25: Shows | F25: Colors TV | G25: 112915 | H25: India | I25: IN | J25: Entertainment | K25: 10 | L25: 9 | M25: 9 | N25: 1188000000 | O25: 296900 | P25: 4800000 | Q25: 3600000 | R25: 57000000 | S25: 1100000 | T25: 2008 | U25: Jun | V25: 13 | W25: 28.1 | X25: 1366417754 | Y25: 5.36 | Z25: 471031528 | AA25: 20.593684 | AB25: 78.96288 | AC25: 588.09896 | AD25: 544754.08 | AE25: 572.11177 | AF25: 0.0010502203 | AG25: 78.034942 | AH25: 952.18121 | AI25: 18 | AJ25: 4503100 | AK25: 53400000 | AL25: 61111.111 | AM25: =youtube_stats_raw[[#This Row],[subscribers_for_last_30_days]] / youtube_stats_raw[[#This Row],[subscribers]] -> 0.017027864 | AN25: =IF(AND(youtube_stats_raw[[#This Row],[upload_frequency]]>23.1077381,youtube_stats_raw[[#This Row],[ engagement_rate]]<=0),"High",IF(OR(youtube_stats_raw[[#This Row],[upload_frequency]]>23.1077381,youtube_stats_raw[[#This Row],[ engagement_rate]]<=0),"Medium","Low")) -> Medium | AO25: =DATE(T25, MATCH(U25,{"Jan","Feb","Mar","Apr","May","Jun","Jul","Aug","Sep","Oct","Nov","Dec"},0), V25) -> 39612 | AP25: =IF(youtube_stats_raw[[#This Row],[subscribers]]<70000000,"Micro",IF(youtube_stats_raw[[#This Row],[subscribers]]<128000000,"Mid",IF(youtube_stats_raw[[#This Row],[subscribers]]<186000000,"Macro","Mega"))) -> Micro | AQ25: =SUM((youtube_stats_raw[[#This Row],[lowest_yearly_earnings]] + youtube_stats_raw[[#This Row],[highest_yearly_earnings]])/2) -> 30300000 | AR25: =IF(youtube_stats_raw[[#This Row],[upload_frequency]]<=_xlfn.PERCENTILE.INC(AC:AC,0.2),"Very Low",IF(youtube_stats_raw[[#This Row],[upload_frequency]]<=_xlfn.PERCENTILE.INC(AC:AC,0.4),"Low",IF(youtube_stats_raw[[#This Row],[upload_frequency]]<=_xlfn.PERCENTILE.INC(AC:AC,0.6),"Medium",IF(youtube_stats_raw[[#This Row],[upload_frequency]]<=_xlfn.PERCENTILE.INC(AC:AC,0.8),"High","Very High")))) -> Very High
A26: 28 | B26: T-Series Bhakti Sagar | C26: 61000000 | D26: 29533230328 | E26: Music | F26: T- SERIES BHAKTI SAGAR | G26: 13 | H26: India | I26: IN | J26: Music | K26: 4053938 | L26: 5803 | M26: 5744 | N26: 10 | O26: 0 | P26: 0 | Q26: 0 | R26: 0 | S26: 0 | T26: 2018 | U26: Aug | V26: 3 | W26: 28.1 | X26: 1366417754 | Y26: 5.36 | Z26: 471031528 | AA26: 20.593684 | AB26: 78.96288 | AC26: 0.18055556 | AD26: 2.2717869e+09 | AE26: 4692307.7 | AF26: 0.00206547 | AG26: 0 | AH26: 484.15132 | AI26: 8 | AJ26: 0 | AK26: 0 | AL26: 0 | AM26: =youtube_stats_raw[[#This Row],[subscribers_for_last_30_days]] / youtube_stats_raw[[#This Row],[subscribers]] -> 0 | AN26: =IF(AND(youtube_stats_raw[[#This Row],[upload_frequency]]>23.1077381,youtube_stats_raw[[#This Row],[ engagement_rate]]<=0),"High",IF(OR(youtube_stats_raw[[#This Row],[upload_frequency]]>23.1077381,youtube_stats_raw[[#This Row],[ engagement_rate]]<=0),"Medium","Low")) -> Medium | AO26: =DATE(T26, MATCH(U26,{"Jan","Feb","Mar","Apr","May","Jun","Jul","Aug","Sep","Oct","Nov","Dec"},0), V26) -> 43315 | AP26: =IF(youtube_stats_raw[[#This Row],[subscribers]]<70000000,"Micro",IF(youtube_stats_raw[[#This Row],[subscribers]]<128000000,"Mid",IF(youtube_stats_raw[[#This Row],[subscribers]]<186000000,"Macro","Mega"))) -> Micro | AQ26: =SUM((youtube_stats_raw[[#This Row],[lowest_yearly_earnings]] + youtube_stats_raw[[#This Row],[highest_yearly_earnings]])/2) -> 0 | AR26: =IF(youtube_stats_raw[[#This Row],[upload_frequency]]<=_xlfn.PERCENTILE.INC(AC:AC,0.2),"Very Low",IF(youtube_stats_raw[[#This Row],[upload_frequency]]<=_xlfn.PERCENTILE.INC(AC:AC,0.4),"Low",IF(youtube_stats_raw[[#This Row],[upload_frequency]]<=_xlfn.PERCENTILE.INC(AC:AC,0.6),"Medium",IF(youtube_stats_raw[[#This Row],[upload_frequency]]<=_xlfn.PERCENTILE.INC(AC:AC,0.8),"High","Very High")))) -> Very Low
A27: 29 | B27: Dude Perfect | C27: 59500000 | D27: 16241549158 | E27: Sports | F27: Dude Perfect | G27: 389 | H27: United States | I27: US | J27: Sports | K27: 182 | L27: 9 | M27: 3 | N27: 141200000 | O27: 35300 | P27: 564800 | Q27: 423600 | R27: 6800000 | S27: 100000 | T27: 2009 | U27: Mar | V27: 17 | W27: 88.2 | X27: 328239523 | Y27: 14.7 | Z27: 270663028 | AA27: 37.09024 | AB27: -95.712891 | AC27: 2.1611111 | AD27: 41752054 | AE27: 152956.3 | AF27: 0.0036634436 | AG27: 34.775008 | AH27: 272.96721 | AI27: 17 | AJ27: 529500 | AK27: 6376400 | AL27: 5882.3529 | AM27: =youtube_stats_raw[[#This Row],[subscribers_for_last_30_days]] / youtube_stats_raw[[#This Row],[subscribers]] -> 0.0016806723 | AN27: =IF(AND(youtube_stats_raw[[#This Row],[upload_frequency]]>23.1077381,youtube_stats_raw[[#This Row],[ engagement_rate]]<=0),"High",IF(OR(youtube_stats_raw[[#This Row],[upload_frequency]]>23.1077381,youtube_stats_raw[[#This Row],[ engagement_rate]]<=0),"Medium","Low")) -> Low | AO27: =DATE(T27, MATCH(U27,{"Jan","Feb","Mar","Apr","May","Jun","Jul","Aug","Sep","Oct","Nov","Dec"},0), V27) -> 39889 | AP27: =IF(youtube_stats_raw[[#This Row],[subscribers]]<70000000,"Micro",IF(youtube_stats_raw[[#This Row],[subscribers]]<128000000,"Mid",IF(youtube_stats_raw[[#This Row],[subscribers]]<186000000,"Macro","Mega"))) -> Micro | AQ27: =SUM((youtube_stats_raw[[#This Row],[lowest_yearly_earnings]] + youtube_stats_raw[[#This Row],[highest_yearly_earnings]])/2) -> 3611800 | AR27: =IF(youtube_stats_raw[[#This Row],[upload_frequency]]<=_xlfn.PERCENTILE.INC(AC:AC,0.2),"Very Low",IF(youtube_stats_raw[[#This Row],[upload_frequency]]<=_xlfn.PERCENTILE.INC(AC:AC,0.4),"Low",IF(youtube_stats_raw[[#This Row],[upload_frequency]]<=_xlfn.PERCENTILE.INC(AC:AC,0.6),"Medium",IF(youtube_stats_raw[[#This Row],[upload_frequency]]<=_xlfn.PERCENTILE.INC(AC:AC,0.8),"High","Very High")))) -> Low
A28: 30 | B28: Movieclips | C28: 59500000 | D28: 59316472754 | E28: Film & Animation | F28: Movieclips | G28: 39113 | H28: United States | I28: US | J28: Film | K28: 11 | L28: 9 | M28: 3 | N28: 114668000 | O28: 28700 | P28: 458700 | Q28: 344000 | R28: 5500000 | S28: 100000 | T28: 2006 | U28: Apr | V28: 28 | W28: 88.2 | X28: 328239523 | Y28: 14.7 | Z28: 270663028 | AA28: 37.09024 | AB28: -95.712891 | AC28: 181.0787 | AD28: 1516541.1 | AE28: 1521.2333 | AF28: 0.001003094 | AG28: 7.7330964 | AH28: 996.91551 | AI28: 20 | AJ28: 430000 | AK28: 5156000 | AL28: 5000 | AM28: =youtube_stats_raw[[#This Row],[subscribers_for_last_30_days]] / youtube_stats_raw[[#This Row],[subscribers]] -> 0.0016806723 | AN28: =IF(AND(youtube_stats_raw[[#This Row],[upload_frequency]]>23.1077381,youtube_stats_raw[[#This Row],[ engagement_rate]]<=0),"High",IF(OR(youtube_stats_raw[[#This Row],[upload_frequency]]>23.1077381,youtube_stats_raw[[#This Row],[ engagement_rate]]<=0),"Medium","Low")) -> Medium | AO28: =DATE(T28, MATCH(U28,{"Jan","Feb","Mar","Apr","May","Jun","Jul","Aug","Sep","Oct","Nov","Dec"},0), V28) -> 38835 | AP28: =IF(youtube_stats_raw[[#This Row],[subscribers]]<70000000,"Micro",IF(youtube_stats_raw[[#This Row],[subscribers]]<128000000,"Mid",IF(youtube_stats_raw[[#This Row],[subscribers]]<186000000,"Macro","Mega"))) -> Micro | AQ28: =SUM((youtube_stats_raw[[#This Row],[lowest_yearly_earnings]] + youtube_stats_raw[[#This Row],[highest_yearly_earnings]])/2) -> 2922000 | AR28: =IF(youtube_stats_raw[[#This Row],[upload_frequency]]<=_xlfn.PERCENTILE.INC(AC:AC,0.2),"Very Low",IF(youtube_stats_raw[[#This Row],[upload_frequency]]<=_xlfn.PERCENTILE.INC(AC:AC,0.4),"Low",IF(youtube_stats_raw[[#This Row],[upload_frequency]]<=_xlfn.PERCENTILE.INC(AC:AC,0.6),"Medium",IF(youtube_stats_raw[[#This Row],[upload_frequency]]<=_xlfn.PERCENTILE.INC(AC:AC,0.8),"High","Very High")))) -> Very High
A29: 31 | B29: Tips Official | C29: 59300000 | D29: 33431802698 | E29: Music | F29: Tips Official | G29: 4741 | H29: India | I29: IN | J29: Music | K29: 30 | L29: 11 | M29: 10 | N29: 422634000 | O29: 105700 | P29: 1700000 | Q29: 1300000 | R29: 20300000 | S29: 600000 | T29: 2007 | U29: May | V29: 22 | W29: 28.1 | X29: 1366417754 | Y29: 5.36 | Z29: 471031528 | AA29: 20.593684 | AB29: 78.96288 | AC29: 23.240196 | AD29: 7051635.2 | AE29: 12507.91 | AF29: 0.0017737602 | AG29: 50.849786 | AH29: 563.77408 | AI29: 19 | AJ29: 1594300 | AK29: 19000000 | AL29: 31578.947 | AM29: =youtube_stats_raw[[#This Row],[subscribers_for_last_30_days]] / youtube_stats_raw[[#This Row],[subscribers]] -> 0.010118044 | AN29: =IF(AND(youtube_stats_raw[[#This Row],[upload_frequency]]>23.1077381,youtube_stats_raw[[#This Row],[ engagement_rate]]<=0),"High",IF(OR(youtube_stats_raw[[#This Row],[upload_frequency]]>23.1077381,youtube_stats_raw[[#This Row],[ engagement_rate]]<=0),"Medium","Low")) -> Medium | AO29: =DATE(T29, MATCH(U29,{"Jan","Feb","Mar","Apr","May","Jun","Jul","Aug","Sep","Oct","Nov","Dec"},0), V29) -> 39224 | AP29: =IF(youtube_stats_raw[[#This Row],[subscribers]]<70000000,"Micro",IF(youtube_stats_raw[[#This Row],[subscribers]]<128000000,"Mid",IF(youtube_stats_raw[[#This Row],[subscribers]]<186000000,"Macro","Mega"))) -> Micro | AQ29: =SUM((youtube_stats_raw[[#This Row],[lowest_yearly_earnings]] + youtube_stats_raw[[#This Row],[highest_yearly_earnings]])/2) -> 10800000 | AR29: =IF(youtube_stats_raw[[#This Row],[upload_frequency]]<=_xlfn.PERCENTILE.INC(AC:AC,0.2),"Very Low",IF(youtube_stats_raw[[#This Row],[upload_frequency]]<=_xlfn.PERCENTILE.INC(AC:AC,0.4),"Low",IF(youtube_stats_raw[[#This Row],[upload_frequency]]<=_xlfn.PERCENTILE.INC(AC:AC,0.6),"Medium",IF(youtube_stats_raw[[#This Row],[upload_frequency]]<=_xlfn.PERCENTILE.INC(AC:AC,0.8),"High","Very High")))) -> High
... A66: 73 | B66: Little Baby Bum - Nursery Rhymes & Kids Songs | C66: 40900000 | D66: 39450824833 | E66: Education | F66: Little Baby Bum - Nursery Rhymes & Kids Songs | G66: 2423 | H66: United States | I66: US | J66: Education | K66: 22 | L66: 22 | M66: 7 | N66: 98775000 | O66: 24700 | P66: 395100 | Q66: 296300 | R66: 4700000 | S66: 100000 | T66: 2011 | U66: Jun | V66: 22 | W66: 88.2 | X66: 328239523 | Y66: 14.7 | Z66: 270663028 | AA66: 37.09024 | AB66: -95.712891 | AC66: 15.532051 | AD66: 16281810 | AE66: 16879.901 | AF66: 0.0010367337 | AG66: 10.015 | AH66: 964.56784 | AI66: 15 | AJ66: 370400 | AK66: 4403700 | AL66: 6666.6667 | AM66: =youtube_stats_raw[[#This Row],[subscribers_for_last_30_days]] / youtube_stats_raw[[#This Row],[subscribers]] -> 0.0024449878 | AN66: =IF(AND(youtube_stats_raw[[#This Row],[upload_frequency]]>23.1077381,youtube_stats_raw[[#This Row],[ engagement_rate]]<=0),"High",IF(OR(youtube_stats_raw[[#This Row],[upload_frequency]]>23.1077381,youtube_stats_raw[[#This Row],[ engagement_rate]]<=0),"Medium","Low")) -> Low | AO66: =DATE(T66, MATCH(U66,{"Jan","Feb","Mar","Apr","May","Jun","Jul","Aug","Sep","Oct","Nov","Dec"},0), V66) -> 40716 | AP66: =IF(youtube_stats_raw[[#This Row],[subscribers]]<70000000,"Micro",IF(youtube_stats_raw[[#This Row],[subscribers]]<128000000,"Mid",IF(youtube_stats_raw[[#This Row],[subscribers]]<186000000,"Macro","Mega"))) -> Micro | AQ66: =SUM((youtube_stats_raw[[#This Row],[lowest_yearly_earnings]] + youtube_stats_raw[[#This Row],[highest_yearly_earnings]])/2) -> 2498150 | AR66: =IF(youtube_stats_raw[[#This Row],[upload_frequency]]<=_xlfn.PERCENTILE.INC(AC:AC,0.2),"Very Low",IF(youtube_stats_raw[[#This Row],[upload_frequency]]<=_xlfn.PERCENTILE.INC(AC:AC,0.4),"Low",IF(youtube_stats_raw[[#This Row],[upload_frequency]]<=_xlfn.PERCENTILE.INC(AC:AC,0.6),"Medium",IF(youtube_stats_raw[[#This Row],[upload_frequency]]<=_xlfn.PERCENTILE.INC(AC:AC,0.8),"High","Very High")))) -> High
A67: 74 | B67: Luisito Comunica | C67: 40600000 | D67: 8670473639 | E67: Comedy | F67: Luis Arturo Villar Sudek | G67: 0 | H67: Mexico | I67: MX | J67: Comedy | K67: 3612215 | L67: 3021 | O67: 0 | P67: 0 | Q67: 0 | R67: 0 | S67: 0 | T67: 2010 | U67: Jun | V67: 18 | W67: 40.2 | X67: 126014024 | Y67: 3.42 | Z67: 102626859 | AA67: 23.634501 | AB67: -102.55278 | AC67: 0 | AD67: #NUM! | AE67: #NUM! | AF67: 0.0046825585 | AG67: 0 | AH67: 213.55846 | AI67: 16 | AJ67: 0 | AK67: 0 | AL67: 0 | AM67: =youtube_stats_raw[[#This Row],[subscribers_for_last_30_days]] / youtube_stats_raw[[#This Row],[subscribers]] -> 0 | AN67: =IF(AND(youtube_stats_raw[[#This Row],[upload_frequency]]>23.1077381,youtube_stats_raw[[#This Row],[ engagement_rate]]<=0),"High",IF(OR(youtube_stats_raw[[#This Row],[upload_frequency]]>23.1077381,youtube_stats_raw[[#This Row],[ engagement_rate]]<=0),"Medium","Low")) -> Medium | AO67: =DATE(T67, MATCH(U67,{"Jan","Feb","Mar","Apr","May","Jun","Jul","Aug","Sep","Oct","Nov","Dec"},0), V67) -> 40347 | AP67: =IF(youtube_stats_raw[[#This Row],[subscribers]]<70000000,"Micro",IF(youtube_stats_raw[[#This Row],[subscribers]]<128000000,"Mid",IF(youtube_stats_raw[[#This Row],[subscribers]]<186000000,"Macro","Mega"))) -> Micro | AQ67: =SUM((youtube_stats_raw[[#This Row],[lowest_yearly_earnings]] + youtube_stats_raw[[#This Row],[highest_yearly_earnings]])/2) -> 0 | AR67: =IF(youtube_stats_raw[[#This Row],[upload_frequency]]<=_xlfn.PERCENTILE.INC(AC:AC,0.2),"Very Low",IF(youtube_stats_raw[[#This Row],[upload_frequency]]<=_xlfn.PERCENTILE.INC(AC:AC,0.4),"Low",IF(youtube_stats_raw[[#This Row],[upload_frequency]]<=_xlfn.PERCENTILE.INC(AC:AC,0.6),"Medium",IF(youtube_stats_raw[[#This Row],[upload_frequency]]<=_xlfn.PERCENTILE.INC(AC:AC,0.8),"High","Very High")))) -> Very Low
A68: 77 | B68: shfa2 - ï¿½ï¿½ | C68: 39700000 | D68: 23884824160 | E68: People & Blogs | F68: shfa2 - ï¿½ï¿½ | G68: 1596 | H68: United Arab Emirates | I68: AE | J68: People | K68: 81 | L68: 1 | M68: 2 | N68: 247731000 | O68: 61900 | P68: 990900 | Q68: 743200 | R68: 11900000 | S68: 300000 | T68: 2017 | U68: Nov | V68: 6 | W68: 36.8 | X68: 9770529 | Y68: 2.35 | Z68: 8479744 | AA68: 23.424076 | AB68: 53.847818 | AC68: 19 | AD68: 14965429 | AE68: 24874.687 | AF68: 0.0016621433 | AG68: 41.486594 | AH68: 601.63285 | AI68: 9 | AJ68: 929000 | AK68: 11156800 | AL68: 33333.333 | AM68: =youtube_stats_raw[[#This Row],[subscribers_for_last_30_days]] / youtube_stats_raw[[#This Row],[subscribers]] -> 0.0075566751 | AN68: =IF(AND(youtube_stats_raw[[#This Row],[upload_frequency]]>23.1077381,youtube_stats_raw[[#This Row],[ engagement_rate]]<=0),"High",IF(OR(youtube_stats_raw[[#This Row],[upload_frequency]]>23.1077381,youtube_stats_raw[[#This Row],[ engagement_rate]]<=0),"Medium","Low")) -> Low | AO68: =DATE(T68, MATCH(U68,{"Jan","Feb","Mar","Apr","May","Jun","Jul","Aug","Sep","Oct","Nov","Dec"},0), V68) -> 43045 | AP68: =IF(youtube_stats_raw[[#This Row],[subscribers]]<70000000,"Micro",IF(youtube_stats_raw[[#This Row],[subscribers]]<128000000,"Mid",IF(youtube_stats_raw[[#This Row],[subscribers]]<186000000,"Macro","Mega"))) -> Micro | AQ68: =SUM((youtube_stats_raw[[#This Row],[lowest_yearly_earnings]] + youtube_stats_raw[[#This Row],[highest_yearly_earnings]])/2) -> 6321600 | AR68: =IF(youtube_stats_raw[[#This Row],[upload_frequency]]<=_xlfn.PERCENTILE.INC(AC:AC,0.2),"Very Low",IF(youtube_stats_raw[[#This Row],[upload_frequency]]<=_xlfn.PERCENTILE.INC(AC:AC,0.4),"Low",IF(youtube_stats_raw[[#This Row],[upload_frequency]]<=_xlfn.PERCENTILE.INC(AC:AC,0.6),"Medium",IF(youtube_stats_raw[[#This Row],[upload_frequency]]<=_xlfn.PERCENTILE.INC(AC:AC,0.8),"High","Very High")))) -> High
A69: 79 | B69: CarryMinati | C69: 39200000 | D69: 3294013141 | E69: Comedy | F69: CarryMinati | G69: 186 | H69: India | I69: IN | J69: Comedy | K69: 2487 | L69: 21 | M69: 2 | N69: 78688000 | O69: 19700 | P69: 314800 | Q69: 236100 | R69: 3800000 | S69: 700000 | T69: 2014 | U69: Oct | V69: 30 | W69: 28.1 | X69: 1366417754 | Y69: 5.36 | Z69: 471031528 | AA69: 20.593684 | AB69: 78.96288 | AC69: 1.55 | AD69: 17709748 | AE69: 210752.69 | AF69: 0.011900378 | AG69: 95.567318 | AH69: 84.030947 | AI69: 12 | AJ69: 295100 | AK69: 3563900 | AL69: 58333.333 | AM69: =youtube_stats_raw[[#This Row],[subscribers_for_last_30_days]] / youtube_stats_raw[[#This Row],[subscribers]] -> 0.017857143 | AN69: =IF(AND(youtube_stats_raw[[#This Row],[upload_frequency]]>23.1077381,youtube_stats_raw[[#This Row],[ engagement_rate]]<=0),"High",IF(OR(youtube_stats_raw[[#This Row],[upload_frequency]]>23.1077381,youtube_stats_raw[[#This Row],[ engagement_rate]]<=0),"Medium","Low")) -> Low | AO69: =DATE(T69, MATCH(U69,{"Jan","Feb","Mar","Apr","May","Jun","Jul","Aug","Sep","Oct","Nov","Dec"},0), V69) -> 41942 | AP69: =IF(youtube_stats_raw[[#This Row],[subscribers]]<70000000,"Micro",IF(youtube_stats_raw[[#This Row],[subscribers]]<128000000,"Mid",IF(youtube_stats_raw[[#This Row],[subscribers]]<186000000,"Macro","Mega"))) -> Micro | AQ69: =SUM((youtube_stats_raw[[#This Row],[lowest_yearly_earnings]] + youtube_stats_raw[[#This Row],[highest_yearly_earnings]])/2) -> 2018050 | AR69: =IF(youtube_stats_raw[[#This Row],[upload_frequency]]<=_xlfn.PERCENTILE.INC(AC:AC,0.2),"Very Low",IF(youtube_stats_raw[[#This Row],[upload_frequency]]<=_xlfn.PERCENTILE.INC(AC:AC,0.4),"Low",IF(youtube_stats_raw[[#This Row],[upload_frequency]]<=_xlfn.PERCENTILE.INC(AC:AC,0.6),"Medium",IF(youtube_stats_raw[[#This Row],[upload_frequency]]<=_xlfn.PERCENTILE.INC(AC:AC,0.8),"High","Very High")))) -> Very Low
A70: 80 | B70: XXXTENTACION | C70: 39200000 | D70: 10507474316 | E70: Music | F70: XXXTENTACION | G70: 133 | H70: United States | I70: US | J70: Music | K70: 403 | L70: 24 | M70: 29 | N70: 58362000 | O70: 14600 | P70: 233400 | Q70: 175100 | R70: 2800000 | S70: 100000 | T70: 2015 | U70: Jun | V70: 23 | W70: 88.2 | X70: 328239523 | Y70: 14.7 | Z70: 270663028 | AA70: 37.09024 | AB70: -95.712891 | AC70: 1.2314815 | AD70: 79003566 | AE70: 294736.84 | AF70: 0.0037306777 | AG70: 22.21276 | AH70: 268.04781 | AI70: 11 | AJ70: 218800 | AK70: 2624900 | AL70: 9090.9091 | AM70: =youtube_stats_raw[[#This Row],[subscribers_for_last_30_days]] / youtube_stats_raw[[#This Row],[subscribers]] -> 0.0025510204 | AN70: =IF(AND(youtube_stats_raw[[#This Row],[upload_frequency]]>23.1077381,youtube_stats_raw[[#This Row],[ engagement_rate]]<=0),"High",IF(OR(youtube_stats_raw[[#This Row],[upload_frequency]]>23.1077381,youtube_stats_raw[[#This Row],[ engagement_rate]]<=0),"Medium","Low")) -> Low | AO70: =DATE(T70, MATCH(U70,{"Jan","Feb","Mar","Apr","May","Jun","Jul","Aug","Sep","Oct","Nov","Dec"},0), V70) -> 42178 | AP70: =IF(youtube_stats_raw[[#This Row],[subscribers]]<70000000,"Micro",IF(youtube_stats_raw[[#This Row],[subscribers]]<128000000,"Mid",IF(youtube_stats_raw[[#This Row],[subscribers]]<186000000,"Macro","Mega"))) -> Micro | AQ70: =SUM((youtube_stats_raw[[#This Row],[lowest_yearly_earnings]] + youtube_stats_raw[[#This Row],[highest_yearly_earnings]])/2) -> 1487550 | AR70: =IF(youtube_stats_raw[[#This Row],[upload_frequency]]<=_xlfn.PERCENTILE.INC(AC:AC,0.2),"Very Low",IF(youtube_stats_raw[[#This Row],[upload_frequency]]<=_xlfn.PERCENTILE.INC(AC:AC,0.4),"Low",IF(youtube_stats_raw[[#This Row],[upload_frequency]]<=_xlfn.PERCENTILE.INC(AC:AC,0.6),"Medium",IF(youtube_stats_raw[[#This Row],[upload_frequency]]<=_xlfn.PERCENTILE.INC(AC:AC,0.8),"High","Very High")))) -> Very Low
A71: 81 | B71: Super Simple Songs - Kids Songs | C71: 39200000 | D71: 44900897958 | E71: Education | F71: Super Simple Songs - Kids Songs | G71: 744 | H71: Canada | I71: CA | J71: Education | K71: 19 | L71: 2 | M71: 8 | N71: 560756000 | O71: 140200 | P71: 2200000 | Q71: 1700000 | R71: 26900000 | S71: 400000 | T71: 2006 | U71: Sep | V71: 8 | W71: 68.9 | X71: 36991981 | Y71: 5.56 | Z71: 30628482 | AA71: 56.130366 | AB71: -106.34677 | AC71: 3.4444444 | AD71: 60350669 | AE71: 52688.172 | AF71: 0.00087303377 | AG71: 48.996793 | AH71: 1145.4311 | AI71: 20 | AJ71: 2059800 | AK71: 25200000 | AL71: 20000 | AM71: =youtube_stats_raw[[#This Row],[subscribers_for_last_30_days]] / youtube_stats_raw[[#This Row],[subscribers]] -> 0.010204082 | AN71: =IF(AND(youtube_stats_raw[[#This Row],[upload_frequency]]>23.1077381,youtube_stats_raw[[#This Row],[ engagement_rate]]<=0),"High",IF(OR(youtube_stats_raw[[#This Row],[upload_frequency]]>23.1077381,youtube_stats_raw[[#This Row],[ engagement_rate]]<=0),"Medium","Low")) -> Low | AO71: =DATE(T71, MATCH(U71,{"Jan","Feb","Mar","Apr","May","Jun","Jul","Aug","Sep","Oct","Nov","Dec"},0), V71) -> 38968 | AP71: =IF(youtube_stats_raw[[#This Row],[subscribers]]<70000000,"Micro",IF(youtube_stats_raw[[#This Row],[subscribers]]<128000000,"Mid",IF(youtube_stats_raw[[#This Row],[subscribers]]<186000000,"Macro","Mega"))) -> Micro | AQ71: =SUM((youtube_stats_raw[[#This Row],[lowest_yearly_earnings]] + youtube_stats_raw[[#This Row],[highest_yearly_earnings]])/2) -> 14300000 | AR71: =IF(youtube_stats_raw[[#This Row],[upload_frequency]]<=_xlfn.PERCENTILE.INC(AC:AC,0.2),"Very Low",IF(youtube_stats_raw[[#This Row],[upload_frequency]]<=_xlfn.PERCENTILE.INC(AC:AC,0.4),"Low",IF(youtube_stats_raw[[#This Row],[upload_frequency]]<=_xlfn.PERCENTILE.INC(AC:AC,0.6),"Medium",IF(youtube_stats_raw[[#This Row],[upload_frequency]]<=_xlfn.PERCENTILE.INC(AC:AC,0.8),"High","Very High")))) -> Low
A72: 82 | B72: Mikecrack | C72: 39100000 | D72: 16118181673 | E72: Gaming | F72: Mikecrack | G72: 1876 | H72: Spain | I72: ES | J72: Games | K72: 188 | L72: 1 | M72: 4 | N72: 264108000 | O72: 66000 | P72: 1100000 | Q72: 792300 | R72: 12700000 | S72: 800000 | T72: 2015 | U72: Jul | V72: 13 | W72: 88.9 | X72: 47076781 | Y72: 13.96 | Z72: 37927409 | AA72: 40.463667 | AB72: -3.74922 | AC72: 17.37037 | AD72: 8591781.3 | AE72: 20842.217 | AF72: 0.0024258319 | AG72: 68.245912 | AH72: 412.22971 | AI72: 11 | AJ72: 1034000 | AK72: 11907700 | AL72: 72727.273 | AM72: =youtube_stats_raw[[#This Row],[subscribers_for_last_30_days]] / youtube_stats_raw[[#This Row],[subscribers]] -> 0.020460358 | AN72: =IF(AND(youtube_stats_raw[[#This Row],[upload_frequency]]>23.1077381,youtube_stats_raw[[#This Row],[ engagement_rate]]<=0),"High",IF(OR(youtube_stats_raw[[#This Row],[upload_frequency]]>23.1077381,youtube_stats_raw[[#This Row],[ engagement_rate]]<=0),"Medium","Low")) -> Low | AO72: =DATE(T72, MATCH(U72,{"Jan","Feb","Mar","Apr","May","Jun","Jul","Aug","Sep","Oct","Nov","Dec"},0), V72) -> 42198 | AP72: =IF(youtube_stats_raw[[#This Row],[subscribers]]<70000000,"Micro",IF(youtube_stats_raw[[#This Row],[subscribers]]<128000000,"Mid",IF(youtube_stats_raw[[#This Row],[subscribers]]<186000000,"Macro","Mega"))) -> Micro | AQ72: =SUM((youtube_stats_raw[[#This Row],[lowest_yearly_earnings]] + youtube_stats_raw[[#This Row],[highest_yearly_earnings]])/2) -> 6746150 | AR72: =IF(youtube_stats_raw[[#This Row],[upload_frequency]]<=_xlfn.PERCENTILE.INC(AC:AC,0.2),"Very Low",IF(youtube_stats_raw[[#This Row],[upload_frequency]]<=_xlfn.PERCENTILE.INC(AC:AC,0.4),"Low",IF(youtube_stats_raw[[#This Row],[upload_frequency]]<=_xlfn.PERCENTILE.INC(AC:AC,0.6),"Medium",IF(youtube_stats_raw[[#This Row],[upload_frequency]]<=_xlfn.PERCENTILE.INC(AC:AC,0.8),"High","Very High")))) -> High
A73: 83 | B73: WorkpointOfficial | C73: 39000000 | D73: 36131228583 | E73: Entertainment | F73: WorkpointOfficial | G73: 72580 | H73: Thailand | I73: TH | J73: Entertainment | K73: 27 | L73: 1 | M73: 24 | N73: 130461000 | O73: 32600 | P73: 521800 | Q73: 391400 | R73: 6300000 | S73: 200000 | T73: 2012 | U73: Nov | V73: 5 | W73: 49.3 | X73: 69625582 | Y73: 0.75 | Z73: 35294600 | AA73: 15.870032 | AB73: 100.99254 | AC73: 504.02778 | AD73: 497812.46 | AE73: 537.33811 | AF73: 0.0010793987 | AG73: 14.441801 | AH73: 926.44176 | AI73: 14 | AJ73: 489200 | AK73: 5908600 | AL73: 14285.714 | AM73: =youtube_stats_raw[[#This Row],[subscribers_for_last_30_days]] / youtube_stats_raw[[#This Row],[subscribers]] -> 0.0051282051 | AN73: =IF(AND(youtube_stats_raw[[#This Row],[upload_frequency]]>23.1077381,youtube_stats_raw[[#This Row],[ engagement_rate]]<=0),"High",IF(OR(youtube_stats_raw[[#This Row],[upload_frequency]]>23.1077381,youtube_stats_raw[[#This Row],[ engagement_rate]]<=0),"Medium","Low")) -> Medium | AO73: =DATE(T73, MATCH(U73,{"Jan","Feb","Mar","Apr","May","Jun","Jul","Aug","Sep","Oct","Nov","Dec"},0), V73) -> 41218 | AP73: =IF(youtube_stats_raw[[#This Row],[subscribers]]<70000000,"Micro",IF(youtube_stats_raw[[#This Row],[subscribers]]<128000000,"Mid",IF(youtube_stats_raw[[#This Row],[subscribers]]<186000000,"Macro","Mega"))) -> Micro | AQ73: =SUM((youtube_stats_raw[[#This Row],[lowest_yearly_earnings]] + youtube_stats_raw[[#This Row],[highest_yearly_earnings]])/2) -> 3345700 | AR73: =IF(youtube_stats_raw[[#This Row],[upload_frequency]]<=_xlfn.PERCENTILE.INC(AC:AC,0.2),"Very Low",IF(youtube_stats_raw[[#This Row],[upload_frequency]]<=_xlfn.PERCENTILE.INC(AC:AC,0.4),"Low",IF(youtube_stats_raw[[#This Row],[upload_frequency]]<=_xlfn.PERCENTILE.INC(AC:AC,0.6),"Medium",IF(youtube_stats_raw[[#This Row],[upload_frequency]]<=_xlfn.PERCENTILE.INC(AC:AC,0.8),"High","Very High")))) -> Very High
A74: 84 | B74: GR6 EXPLODE | C74: 38900000 | D74: 25154232306 | E74: Music | F74: GR6 EXPLODE | G74: 3043 | H74: Brazil | I74: BR | J74: Music | K74: 73 | L74: 6 | M74: 30 | N74: 1635000000 | O74: 408700 | P74: 6500000 | Q74: 4900000 | R74: 78500000 | S74: 100000 | T74: 2014 | U74: Aug | V74: 5 | W74: 51.3 | X74: 212559417 | Y74: 12.08 | Z74: 183241641 | AA74: -14.235004 | AB74: -51.92528 | AC74: 25.358333 | AD74: 8266261 | AE74: 12783.437 | AF74: 0.0015464594 | AG74: 258.40582 | AH74: 646.63836 | AI74: 12 | AJ74: 6091300 | AK74: 73600000 | AL74: 8333.3333 | AM74: =youtube_stats_raw[[#This Row],[subscribers_for_last_30_days]] / youtube_stats_raw[[#This Row],[subscribers]] -> 0.0025706941 | AN74: =IF(AND(youtube_stats_raw[[#This Row],[upload_frequency]]>23.1077381,youtube_stats_raw[[#This Row],[ engagement_rate]]<=0),"High",IF(OR(youtube_stats_raw[[#This Row],[upload_frequency]]>23.1077381,youtube_stats_raw[[#This Row],[ engagement_rate]]<=0),"Medium","Low")) -> Medium | AO74: =DATE(T74, MATCH(U74,{"Jan","Feb","Mar","Apr","May","Jun","Jul","Aug","Sep","Oct","Nov","Dec"},0), V74) -> 41856 | AP74: =IF(youtube_stats_raw[[#This Row],[subscribers]]<70000000,"Micro",IF(youtube_stats_raw[[#This Row],[subscribers]]<128000000,"Mid",IF(youtube_stats_raw[[#This Row],[subscribers]]<186000000,"Macro","Mega"))) -> Micro | AQ74: =SUM((youtube_stats_raw[[#This Row],[lowest_yearly_earnings]] + youtube_stats_raw[[#This Row],[highest_yearly_earnings]])/2) -> 41700000 | AR74: =IF(youtube_stats_raw[[#This Row],[upload_frequency]]<=_xlfn.PERCENTILE.INC(AC:AC,0.2),"Very Low",IF(youtube_stats_raw[[#This Row],[upload_frequency]]<=_xlfn.PERCENTILE.INC(AC:AC,0.4),"Low",IF(youtube_stats_raw[[#This Row],[upload_frequency]]<=_xlfn.PERCENTILE.INC(AC:AC,0.6),"Medium",IF(youtube_stats_raw[[#This Row],[upload_frequency]]<=_xlfn.PERCENTILE.INC(AC:AC,0.8),"High","Very High")))) -> High
A75: 85 | B75: TEDx Talks | C75: 38600000 | D75: 7339333120 | E75: Nonprofits & Activism | F75: TEDx Talks | G75: 200933 | H75: United States | I75: US | J75: Nonprofit | K75: 768 | L75: 25 | M75: 1 | N75: 45638000 | O75: 11400 | P75: 182600 | Q75: 136900 | R75: 2200000 | S75: 100000 | T75: 2009 | U75: Jun | V75: 23 | W75: 88.2 | X75: 328239523 | Y75: 14.7 | Z75: 270663028 | AA75: 37.09024 | AB75: -95.712891 | AC75: 1116.2944 | AD75: 36526.271 | AE75: 192.10384 | AF75: 0.0052593334 | AG75: 24.879645 | AH75: 190.13816 | AI75: 17 | AJ75: 171200 | AK75: 2063100 | AL75: 5882.3529 | AM75: =youtube_stats_raw[[#This Row],[subscribers_for_last_30_days]] / youtube_stats_raw[[#This Row],[subscribers]] -> 0.0025906736 | AN75: =IF(AND(youtube_stats_raw[[#This Row],[upload_frequency]]>23.1077381,youtube_stats_raw[[#This Row],[ engagement_rate]]<=0),"High",IF(OR(youtube_stats_raw[[#This Row],[upload_frequency]]>23.1077381,youtube_stats_raw[[#This Row],[ engagement_rate]]<=0),"Medium","Low")) -> Medium | AO75: =DATE(T75, MATCH(U75,{"Jan","Feb","Mar","Apr","May","Jun","Jul","Aug","Sep","Oct","Nov","Dec"},0), V75) -> 39987 | AP75: =IF(youtube_stats_raw[[#This Row],[subscribers]]<70000000,"Micro",IF(youtube_stats_raw[[#This Row],[subscribers]]<128000000,"Mid",IF(youtube_stats_raw[[#This Row],[subscribers]]<186000000,"Macro","Mega"))) -> Micro | AQ75: =SUM((youtube_stats_raw[[#This Row],[lowest_yearly_earnings]] + youtube_stats_raw[[#This Row],[highest_yearly_earnings]])/2) -> 1168450 | AR75: =IF(youtube_stats_raw[[#This Row],[upload_frequency]]<=_xlfn.PERCENTILE.INC(AC:AC,0.2),"Very Low",IF(youtube_stats_raw[[#This Row],[upload_frequency]]<=_xlfn.PERCENTILE.INC(AC:AC,0.4),"Low",IF(youtube_stats_raw[[#This Row],[upload_frequency]]<=_xlfn.PERCENTILE.INC(AC:AC,0.6),"Medium",IF(youtube_stats_raw[[#This Row],[upload_frequency]]<=_xlfn.PERCENTILE.INC(AC:AC,0.8),"High","Very High")))) -> Very High
A76: 86 | B76: shfa | C76: 38400000 | D76: 21528116909 | E76: People & Blogs | F76: ýýýýýýýýýý ýýýýýý | G76: 982 | H76: Saudi Arabia | I76: SA | J76: Games | K76: 150882 | L76: 774 | M76: 1454 | N76: 1589000 | O76: 397 | P76: 6400 | Q76: 4800 | R76: 76300 | S76: 2000 | T76: 2018 | U76: May | V76: 24 | W76: 68 | X76: 34268528 | Y76: 5.93 | Z76: 28807838 | AA76: 23.885942 | AB76: 45.079162 | AC76: 13.638889 | AD76: 21922726 | AE76: 39103.87 | AF76: 0.0017837138 | AG76: 0.29728564 | AH76: 560.62804 | AI76: 8 | AJ76: 6003 | AK76: 71500 | AL76: 250 | AM76: =youtube_stats_raw[[#This Row],[subscribers_for_last_30_days]] / youtube_stats_raw[[#This Row],[subscribers]] -> 5.2083333e-05 | AN76: =IF(AND(youtube_stats_raw[[#This Row],[upload_frequency]]>23.1077381,youtube_stats_raw[[#This Row],[ engagement_rate]]<=0),"High",IF(OR(youtube_stats_raw[[#This Row],[upload_frequency]]>23.1077381,youtube_stats_raw[[#This Row],[ engagement_rate]]<=0),"Medium","Low")) -> Low | AO76: =DATE(T76, MATCH(U76,{"Jan","Feb","Mar","Apr","May","Jun","Jul","Aug","Sep","Oct","Nov","Dec"},0), V76) -> 43244 | AP76: =IF(youtube_stats_raw[[#This Row],[subscribers]]<70000000,"Micro",IF(youtube_stats_raw[[#This Row],[subscribers]]<128000000,"Mid",IF(youtube_stats_raw[[#This Row],[subscribers]]<186000000,"Macro","Mega"))) -> Micro | AQ76: =SUM((youtube_stats_raw[[#This Row],[lowest_yearly_earnings]] + youtube_stats_raw[[#This Row],[highest_yearly_earnings]])/2) -> 40550 | AR76: =IF(youtube_stats_raw[[#This Row],[upload_frequency]]<=_xlfn.PERCENTILE.INC(AC:AC,0.2),"Very Low",IF(youtube_stats_raw[[#This Row],[upload_frequency]]<=_xlfn.PERCENTILE.INC(AC:AC,0.4),"Low",IF(youtube_stats_raw[[#This Row],[upload_frequency]]<=_xlfn.PERCENTILE.INC(AC:AC,0.6),"Medium",IF(youtube_stats_raw[[#This Row],[upload_frequency]]<=_xlfn.PERCENTILE.INC(AC:AC,0.8),"High","Very High")))) -> High
A77: 87 | B77: Goldmines Gaane Sune Ansune | C77: 38300000 | D77: 16718192386 | E77: Music | F77: Goldmines Gaane Sune Ansune | G77: 3532 | H77: India | I77: IN | J77: Music | K77: 170 | L77: 22 | M77: 31 | N77: 814756000 | O77: 203700 | P77: 3300000 | Q77: 2400000 | R77: 39100000 | S77: 400000 | T77: 2015 | U77: Aug | V77: 24 | W77: 28.1 | X77: 1366417754 | Y77: 5.36 | Z77: 471031528 | AA77: 20.593684 | AB77: 78.96288 | AC77: 32.703704 | AD77: 4733350.1 | AE77: 10843.715 | AF77: 0.0022909175 | AG77: 197.38976 | AH77: 436.50633 | AI77: 11 | AJ77: 3096300 | AK77: 36700000 | AL77: 36363.636 | AM77: =youtube_stats_raw[[#This Row],[subscribers_for_last_30_days]] / youtube_stats_raw[[#This Row],[subscribers]] -> 0.010443864 | AN77: =IF(AND(youtube_stats_raw[[#This Row],[upload_frequency]]>23.1077381,youtube_stats_raw[[#This Row],[ engagement_rate]]<=0),"High",IF(OR(youtube_stats_raw[[#This Row],[upload_frequency]]>23.1077381,youtube_stats_raw[[#This Row],[ engagement_rate]]<=0),"Medium","Low")) -> Medium | AO77: =DATE(T77, MATCH(U77,{"Jan","Feb","Mar","Apr","May","Jun","Jul","Aug","Sep","Oct","Nov","Dec"},0), V77) -> 42240 | AP77: =IF(youtube_stats_raw[[#This Row],[subscribers]]<70000000,"Micro",IF(youtube_stats_raw[[#This Row],[subscribers]]<128000000,"Mid",IF(youtube_stats_raw[[#This Row],[subscribers]]<186000000,"Macro","Mega"))) -> Micro | AQ77: =SUM((youtube_stats_raw[[#This Row],[lowest_yearly_earnings]] + youtube_stats_raw[[#This Row],[highest_yearly_earnings]])/2) -> 20750000 | AR77: =IF(youtube_stats_raw[[#This Row],[upload_frequency]]<=_xlfn.PERCENTILE.INC(AC:AC,0.2),"Very Low",IF(youtube_stats_raw[[#This Row],[upload_frequency]]<=_xlfn.PERCENTILE.INC(AC:AC,0.4),"Low",IF(youtube_stats_raw[[#This Row],[upload_frequency]]<=_xlfn.PERCENTILE.INC(AC:AC,0.6),"Medium",IF(youtube_stats_raw[[#This Row],[upload_frequency]]<=_xlfn.PERCENTILE.INC(AC:AC,0.8),"High","Very High")))) -> High
A78: 88 | B78: One Direction | C78: 38200000 | D78: 13598903820 | E78: Music | F78: 21 Savage | G78: 11 | H78: United States | I78: US | J78: Music | K78: 539848 | L78: 2904 | M78: 2594 | N78: 6348 | O78: 2 | P78: 25 | Q78: 19 | R78: 305 | S78: 100 | T78: 2016 | U78: Jun | V78: 26 | W78: 88.2 | X78: 328239523 | Y78: 14.7 | Z78: 270663028 | AA78: 37.09024 | AB78: -95.712891 | AC78: 0.11458333 | AD78: 1.236264e+09 | AE78: 3472727.3 | AF78: 0.0028090499 | AG78: 0.0018383835 | AH78: 355.99225 | AI78: 10 | AJ78: 23 | AK78: 286 | AL78: 10 | AM78: =youtube_stats_raw[[#This Row],[subscribers_for_last_30_days]] / youtube_stats_raw[[#This Row],[subscribers]] -> 2.617801e-06 | AN78: =IF(AND(youtube_stats_raw[[#This Row],[upload_frequency]]>23.1077381,youtube_stats_raw[[#This Row],[ engagement_rate]]<=0),"High",IF(OR(youtube_stats_raw[[#This Row],[upload_frequency]]>23.1077381,youtube_stats_raw[[#This Row],[ engagement_rate]]<=0),"Medium","Low")) -> Low | AO78: =DATE(T78, MATCH(U78,{"Jan","Feb","Mar","Apr","May","Jun","Jul","Aug","Sep","Oct","Nov","Dec"},0), V78) -> 42547 | AP78: =IF(youtube_stats_raw[[#This Row],[subscribers]]<70000000,"Micro",IF(youtube_stats_raw[[#This Row],[subscribers]]<128000000,"Mid",IF(youtube_stats_raw[[#This Row],[subscribers]]<186000000,"Macro","Mega"))) -> Micro | AQ78: =SUM((youtube_stats_raw[[#This Row],[lowest_yearly_earnings]] + youtube_stats_raw[[#This Row],[highest_yearly_earnings]])/2) -> 162 | AR78: =IF(youtube_stats_raw[[#This Row],[upload_frequency]]<=_xlfn.PERCENTILE.INC(AC:AC,0.2),"Very Low",IF(youtube_stats_raw[[#This Row],[upload_frequency]]<=_xlfn.PERCENTILE.INC(AC:AC,0.4),"Low",IF(youtube_stats_raw[[#This Row],[upload_frequency]]<=_xlfn.PERCENTILE.INC(AC:AC,0.6),"Medium",IF(youtube_stats_raw[[#This Row],[upload_frequency]]<=_xlfn.PERCENTILE.INC(AC:AC,0.8),"High","Very High")))) -> Very Low
A79: 89 | B79: TheEllenShow | C79: 38200000 | D79: 22756581750 | E79: Entertainment | F79: TheEllenShow | G79: 15672 | H79: United States | I79: US | J79: Entertainment | K79: 93 | L79: 26 | M79: 26 | N79: 21804000 | O79: 5500 | P79: 87200 | Q79: 65400 | R79: 1000000 | S79: 0 | T79: 2006 | U79: Nov | V79: 21 | W79: 88.2 | X79: 328239523 | Y79: 14.7 | Z79: 270663028 | AA79: 37.09024 | AB79: -95.712891 | AC79: 72.555556 | AD79: 1452053.5 | AE79: 2437.4681 | AF79: 0.0016786352 | AG79: 3.8318584 | AH79: 595.72204 | AI79: 20 | AJ79: 81700 | AK79: 934600 | AL79: 0 | AM79: =youtube_stats_raw[[#This Row],[subscribers_for_last_30_days]] / youtube_stats_raw[[#This Row],[subscribers]] -> 0 | AN79: =IF(AND(youtube_stats_raw[[#This Row],[upload_frequency]]>23.1077381,youtube_stats_raw[[#This Row],[ engagement_rate]]<=0),"High",IF(OR(youtube_stats_raw[[#This Row],[upload_frequency]]>23.1077381,youtube_stats_raw[[#This Row],[ engagement_rate]]<=0),"Medium","Low")) -> High | AO79: =DATE(T79, MATCH(U79,{"Jan","Feb","Mar","Apr","May","Jun","Jul","Aug","Sep","Oct","Nov","Dec"},0), V79) -> 39042 | AP79: =IF(youtube_stats_raw[[#This Row],[subscribers]]<70000000,"Micro",IF(youtube_stats_raw[[#This Row],[subscribers]]<128000000,"Mid",IF(youtube_stats_raw[[#This Row],[subscribers]]<186000000,"Macro","Mega"))) -> Micro | AQ79: =SUM((youtube_stats_raw[[#This Row],[lowest_yearly_earnings]] + youtube_stats_raw[[#This Row],[highest_yearly_earnings]])/2) -> 532700 | AR79: =IF(youtube_stats_raw[[#This Row],[upload_frequency]]<=_xlfn.PERCENTILE.INC(AC:AC,0.2),"Very Low",IF(youtube_stats_raw[[#This Row],[upload_frequency]]<=_xlfn.PERCENTILE.INC(AC:AC,0.4),"Low",IF(youtube_stats_raw[[#This Row],[upload_frequency]]<=_xlfn.PERCENTILE.INC(AC:AC,0.6),"Medium",IF(youtube_stats_raw[[#This Row],[upload_frequency]]<=_xlfn.PERCENTILE.INC(AC:AC,0.8),"High","Very High")))) -> Very High
... A143: 164 | B143: Adele | C143: 30200000 | D143: 14199108016 | E143: Music | F143: Adele | G143: 15 | H143: United Kingdom | I143: GB | J143: Music | K143: 248 | L143: 6 | M143: 53 | N143: 137099000 | O143: 34300 | P143: 548400 | Q143: 411300 | R143: 6600000 | S143: 100000 | T143: 2008 | U143: Apr | V143: 4 | W143: 60 | X143: 66834405 | Y143: 3.85 | Z143: 55908316 | AA143: 55.378051 | AB143: -3.435973 | AC143: 0.078125 | AD143: 9.466072e+08 | AE143: 2013333.3 | AF143: 0.0021268942 | AG143: 38.622144 | AH143: 470.16914 | AI143: 18 | AJ143: 514100 | AK143: 6188700 | AL143: 5555.5556 | AM143: =youtube_stats_raw[[#This Row],[subscribers_for_last_30_days]] / youtube_stats_raw[[#This Row],[subscribers]] -> 0.0033112583 | AN143: =IF(AND(youtube_stats_raw[[#This Row],[upload_frequency]]>23.1077381,youtube_stats_raw[[#This Row],[ engagement_rate]]<=0),"High",IF(OR(youtube_stats_raw[[#This Row],[upload_frequency]]>23.1077381,youtube_stats_raw[[#This Row],[ engagement_rate]]<=0),"Medium","Low")) -> Low | AO143: =DATE(T143, MATCH(U143,{"Jan","Feb","Mar","Apr","May","Jun","Jul","Aug","Sep","Oct","Nov","Dec"},0), V143) -> 39542 | AP143: =IF(youtube_stats_raw[[#This Row],[subscribers]]<70000000,"Micro",IF(youtube_stats_raw[[#This Row],[subscribers]]<128000000,"Mid",IF(youtube_stats_raw[[#This Row],[subscribers]]<186000000,"Macro","Mega"))) -> Micro | AQ143: =SUM((youtube_stats_raw[[#This Row],[lowest_yearly_earnings]] + youtube_stats_raw[[#This Row],[highest_yearly_earnings]])/2) -> 3505650 | AR143: =IF(youtube_stats_raw[[#This Row],[upload_frequency]]<=_xlfn.PERCENTILE.INC(AC:AC,0.2),"Very Low",IF(youtube_stats_raw[[#This Row],[upload_frequency]]<=_xlfn.PERCENTILE.INC(AC:AC,0.4),"Low",IF(youtube_stats_raw[[#This Row],[upload_frequency]]<=_xlfn.PERCENTILE.INC(AC:AC,0.6),"Medium",IF(youtube_stats_raw[[#This Row],[upload_frequency]]<=_xlfn.PERCENTILE.INC(AC:AC,0.8),"High","Very High")))) -> Very Low
A144: 165 | B144: Talking Tom | C144: 30200000 | D144: 15199330166 | E144: Comedy | F144: TalkingTom | G144: 2 | H144: United States | I144: US | J144: Entertainment | K144: 4057345 | L144: 7736 | M144: 6776 | O144: 0 | P144: 0 | Q144: 0 | R144: 0 | S144: 0 | T144: 2008 | U144: Jun | V144: 27 | W144: 88.2 | X144: 328239523 | Y144: 14.7 | Z144: 270663028 | AA144: 37.09024 | AB144: -95.712891 | AC144: 0.010416667 | AD144: 7599665083 | AE144: 15100000 | AF144: 0.0019869297 | AG144: 0 | AH144: 503.28908 | AI144: 18 | AJ144: 0 | AK144: 0 | AL144: 0 | AM144: =youtube_stats_raw[[#This Row],[subscribers_for_last_30_days]] / youtube_stats_raw[[#This Row],[subscribers]] -> 0 | AN144: =IF(AND(youtube_stats_raw[[#This Row],[upload_frequency]]>23.1077381,youtube_stats_raw[[#This Row],[ engagement_rate]]<=0),"High",IF(OR(youtube_stats_raw[[#This Row],[upload_frequency]]>23.1077381,youtube_stats_raw[[#This Row],[ engagement_rate]]<=0),"Medium","Low")) -> Medium | AO144: =DATE(T144, MATCH(U144,{"Jan","Feb","Mar","Apr","May","Jun","Jul","Aug","Sep","Oct","Nov","Dec"},0), V144) -> 39626 | AP144: =IF(youtube_stats_raw[[#This Row],[subscribers]]<70000000,"Micro",IF(youtube_stats_raw[[#This Row],[subscribers]]<128000000,"Mid",IF(youtube_stats_raw[[#This Row],[subscribers]]<186000000,"Macro","Mega"))) -> Micro | AQ144: =SUM((youtube_stats_raw[[#This Row],[lowest_yearly_earnings]] + youtube_stats_raw[[#This Row],[highest_yearly_earnings]])/2) -> 0 | AR144: =IF(youtube_stats_raw[[#This Row],[upload_frequency]]<=_xlfn.PERCENTILE.INC(AC:AC,0.2),"Very Low",IF(youtube_stats_raw[[#This Row],[upload_frequency]]<=_xlfn.PERCENTILE.INC(AC:AC,0.4),"Low",IF(youtube_stats_raw[[#This Row],[upload_frequency]]<=_xlfn.PERCENTILE.INC(AC:AC,0.6),"Medium",IF(youtube_stats_raw[[#This Row],[upload_frequency]]<=_xlfn.PERCENTILE.INC(AC:AC,0.8),"High","Very High")))) -> Very Low
A145: 166 | B145: ýýýýýýýý ýýýýýýýý ýýýýýýýýýý | toyoraljanahtv | C145: 30200000 | D145: 27684955537 | E145: Entertainment | F145: ýýýýýýýý ýýýýýýýý ýýýýýýýýýý | toyoraljanahtv | G145: 3254 | H145: Jordan | I145: JO | J145: Music | K145: 51 | L145: 1 | M145: 52 | N145: 116434000 | O145: 29100 | P145: 465700 | Q145: 349300 | R145: 5600000 | S145: 100000 | T145: 2008 | U145: Nov | V145: 24 | W145: 34.4 | X145: 10101694 | Y145: 14.72 | Z145: 9213048 | AA145: 30.585164 | AB145: 36.238414 | AC145: 16.947917 | AD145: 8507976.5 | AE145: 9280.8851 | AF145: 0.0010908452 | AG145: 16.82141 | AH145: 916.72038 | AI145: 18 | AJ145: 436600 | AK145: 5250700 | AL145: 5555.5556 | AM145: =youtube_stats_raw[[#This Row],[subscribers_for_last_30_days]] / youtube_stats_raw[[#This Row],[subscribers]] -> 0.0033112583 | AN145: =IF(AND(youtube_stats_raw[[#This Row],[upload_frequency]]>23.1077381,youtube_stats_raw[[#This Row],[ engagement_rate]]<=0),"High",IF(OR(youtube_stats_raw[[#This Row],[upload_frequency]]>23.1077381,youtube_stats_raw[[#This Row],[ engagement_rate]]<=0),"Medium","Low")) -> Low | AO145: =DATE(T145, MATCH(U145,{"Jan","Feb","Mar","Apr","May","Jun","Jul","Aug","Sep","Oct","Nov","Dec"},0), V145) -> 39776 | AP145: =IF(youtube_stats_raw[[#This Row],[subscribers]]<70000000,"Micro",IF(youtube_stats_raw[[#This Row],[subscribers]]<128000000,"Mid",IF(youtube_stats_raw[[#This Row],[subscribers]]<186000000,"Macro","Mega"))) -> Micro | AQ145: =SUM((youtube_stats_raw[[#This Row],[lowest_yearly_earnings]] + youtube_stats_raw[[#This Row],[highest_yearly_earnings]])/2) -> 2974650 | AR145: =IF(youtube_stats_raw[[#This Row],[upload_frequency]]<=_xlfn.PERCENTILE.INC(AC:AC,0.2),"Very Low",IF(youtube_stats_raw[[#This Row],[upload_frequency]]<=_xlfn.PERCENTILE.INC(AC:AC,0.4),"Low",IF(youtube_stats_raw[[#This Row],[upload_frequency]]<=_xlfn.PERCENTILE.INC(AC:AC,0.6),"Medium",IF(youtube_stats_raw[[#This Row],[upload_frequency]]<=_xlfn.PERCENTILE.INC(AC:AC,0.8),"High","Very High")))) -> High
A146: 168 | B146: Spinnin' Records | C146: 30100000 | D146: 19607009165 | E146: Music | F146: Spinnin' Records | G146: 11501 | H146: Netherlands | I146: NL | J146: Music | K146: 127 | L146: 1 | M146: 54 | N146: 100040000 | O146: 25000 | P146: 400200 | Q146: 300100 | R146: 4800000 | S146: 100000 | T146: 2007 | U146: Jul | V146: 12 | W146: 85 | X146: 17332850 | Y146: 3.2 | Z146: 15924729 | AA146: 52.132633 | AB146: 5.291266 | AC146: 56.377451 | AD146: 1704809.1 | AE146: 2617.1637 | AF146: 0.0015351653 | AG146: 20.411068 | AH146: 651.39565 | AI146: 19 | AJ146: 375200 | AK146: 4499900 | AL146: 5263.1579 | AM146: =youtube_stats_raw[[#This Row],[subscribers_for_last_30_days]] / youtube_stats_raw[[#This Row],[subscribers]] -> 0.0033222591 | AN146: =IF(AND(youtube_stats_raw[[#This Row],[upload_frequency]]>23.1077381,youtube_stats_raw[[#This Row],[ engagement_rate]]<=0),"High",IF(OR(youtube_stats_raw[[#This Row],[upload_frequency]]>23.1077381,youtube_stats_raw[[#This Row],[ engagement_rate]]<=0),"Medium","Low")) -> Medium | AO146: =DATE(T146, MATCH(U146,{"Jan","Feb","Mar","Apr","May","Jun","Jul","Aug","Sep","Oct","Nov","Dec"},0), V146) -> 39275 | AP146: =IF(youtube_stats_raw[[#This Row],[subscribers]]<70000000,"Micro",IF(youtube_stats_raw[[#This Row],[subscribers]]<128000000,"Mid",IF(youtube_stats_raw[[#This Row],[subscribers]]<186000000,"Macro","Mega"))) -> Micro | AQ146: =SUM((youtube_stats_raw[[#This Row],[lowest_yearly_earnings]] + youtube_stats_raw[[#This Row],[highest_yearly_earnings]])/2) -> 2550050 | AR146: =IF(youtube_stats_raw[[#This Row],[upload_frequency]]<=_xlfn.PERCENTILE.INC(AC:AC,0.2),"Very Low",IF(youtube_stats_raw[[#This Row],[upload_frequency]]<=_xlfn.PERCENTILE.INC(AC:AC,0.4),"Low",IF(youtube_stats_raw[[#This Row],[upload_frequency]]<=_xlfn.PERCENTILE.INC(AC:AC,0.6),"Medium",IF(youtube_stats_raw[[#This Row],[upload_frequency]]<=_xlfn.PERCENTILE.INC(AC:AC,0.8),"High","Very High")))) -> Very High
A147: 169 | B147: Little Angel: Nursery Rhymes & Kids Songs | C147: 30100000 | D147: 22593193994 | E147: Education | F147: Little Angel: Nursery Rhymes & Kids Songs | G147: 1349 | H147: United States | I147: US | J147: Education | K147: 95 | L147: 49 | M147: 12 | N147: 107525000 | O147: 26900 | P147: 430100 | Q147: 322600 | R147: 5200000 | S147: 0 | T147: 2015 | U147: Dec | V147: 14 | W147: 88.2 | X147: 328239523 | Y147: 14.7 | Z147: 270663028 | AA147: 37.09024 | AB147: -95.712891 | AC147: 12.490741 | AD147: 16748105 | AE147: 22312.824 | AF147: 0.0013322596 | AG147: 19.036706 | AH147: 750.60445 | AI147: 11 | AJ147: 403200 | AK147: 4877400 | AL147: 0 | AM147: =youtube_stats_raw[[#This Row],[subscribers_for_last_30_days]] / youtube_stats_raw[[#This Row],[subscribers]] -> 0 | AN147: =IF(AND(youtube_stats_raw[[#This Row],[upload_frequency]]>23.1077381,youtube_stats_raw[[#This Row],[ engagement_rate]]<=0),"High",IF(OR(youtube_stats_raw[[#This Row],[upload_frequency]]>23.1077381,youtube_stats_raw[[#This Row],[ engagement_rate]]<=0),"Medium","Low")) -> Medium | AO147: =DATE(T147, MATCH(U147,{"Jan","Feb","Mar","Apr","May","Jun","Jul","Aug","Sep","Oct","Nov","Dec"},0), V147) -> 42352 | AP147: =IF(youtube_stats_raw[[#This Row],[subscribers]]<70000000,"Micro",IF(youtube_stats_raw[[#This Row],[subscribers]]<128000000,"Mid",IF(youtube_stats_raw[[#This Row],[subscribers]]<186000000,"Macro","Mega"))) -> Micro | AQ147: =SUM((youtube_stats_raw[[#This Row],[lowest_yearly_earnings]] + youtube_stats_raw[[#This Row],[highest_yearly_earnings]])/2) -> 2761300 | AR147: =IF(youtube_stats_raw[[#This Row],[upload_frequency]]<=_xlfn.PERCENTILE.INC(AC:AC,0.2),"Very Low",IF(youtube_stats_raw[[#This Row],[upload_frequency]]<=_xlfn.PERCENTILE.INC(AC:AC,0.4),"Low",IF(youtube_stats_raw[[#This Row],[upload_frequency]]<=_xlfn.PERCENTILE.INC(AC:AC,0.6),"Medium",IF(youtube_stats_raw[[#This Row],[upload_frequency]]<=_xlfn.PERCENTILE.INC(AC:AC,0.8),"High","Very High")))) -> High
A148: 171 | B148: Shawn Mendes | C148: 30000000 | D148: 12831200855 | E148: Music | F148: Shawn Mendes | G148: 133 | H148: Canada | I148: CA | J148: Music | K148: 295 | L148: 4 | M148: 55 | N148: 88749000 | O148: 22200 | P148: 355000 | Q148: 266200 | R148: 4300000 | S148: 0 | T148: 2011 | U148: Jan | V148: 19 | W148: 68.9 | X148: 36991981 | Y148: 5.56 | Z148: 30628482 | AA148: 56.130366 | AB148: -106.34677 | AC148: 0.8525641 | AD148: 96475194 | AE148: 225563.91 | AF148: 0.0023380508 | AG148: 27.666935 | AH148: 427.7067 | AI148: 15 | AJ148: 332800 | AK148: 4033800 | AL148: 0 | AM148: =youtube_stats_raw[[#This Row],[subscribers_for_last_30_days]] / youtube_stats_raw[[#This Row],[subscribers]] -> 0 | AN148: =IF(AND(youtube_stats_raw[[#This Row],[upload_frequency]]>23.1077381,youtube_stats_raw[[#This Row],[ engagement_rate]]<=0),"High",IF(OR(youtube_stats_raw[[#This Row],[upload_frequency]]>23.1077381,youtube_stats_raw[[#This Row],[ engagement_rate]]<=0),"Medium","Low")) -> Medium | AO148: =DATE(T148, MATCH(U148,{"Jan","Feb","Mar","Apr","May","Jun","Jul","Aug","Sep","Oct","Nov","Dec"},0), V148) -> 40562 | AP148: =IF(youtube_stats_raw[[#This Row],[subscribers]]<70000000,"Micro",IF(youtube_stats_raw[[#This Row],[subscribers]]<128000000,"Mid",IF(youtube_stats_raw[[#This Row],[subscribers]]<186000000,"Macro","Mega"))) -> Micro | AQ148: =SUM((youtube_stats_raw[[#This Row],[lowest_yearly_earnings]] + youtube_stats_raw[[#This Row],[highest_yearly_earnings]])/2) -> 2283100 | AR148: =IF(youtube_stats_raw[[#This Row],[upload_frequency]]<=_xlfn.PERCENTILE.INC(AC:AC,0.2),"Very Low",IF(youtube_stats_raw[[#This Row],[upload_frequency]]<=_xlfn.PERCENTILE.INC(AC:AC,0.4),"Low",IF(youtube_stats_raw[[#This Row],[upload_frequency]]<=_xlfn.PERCENTILE.INC(AC:AC,0.6),"Medium",IF(youtube_stats_raw[[#This Row],[upload_frequency]]<=_xlfn.PERCENTILE.INC(AC:AC,0.8),"High","Very High")))) -> Very Low
A149: 172 | B149: ashish chanchlani vines | C149: 29800000 | D149: 4457913639 | E149: Comedy | F149: ashish chanchlani vines | G149: 151 | H149: India | I149: IN | J149: Comedy | K149: 1622 | L149: 42 | M149: 8 | N149: 26171000 | O149: 6500 | P149: 104700 | Q149: 78500 | R149: 1300000 | S149: 100000 | T149: 2009 | U149: Jul | V149: 6 | W149: 28.1 | X149: 1366417754 | Y149: 5.36 | Z149: 471031528 | AA149: 20.593684 | AB149: 78.96288 | AC149: 0.83888889 | AD149: 29522607 | AE149: 197350.99 | AF149: 0.0066847414 | AG149: 23.486323 | AH149: 149.59442 | AI149: 17 | AJ149: 98200 | AK149: 1221500 | AL149: 5882.3529 | AM149: =youtube_stats_raw[[#This Row],[subscribers_for_last_30_days]] / youtube_stats_raw[[#This Row],[subscribers]] -> 0.0033557047 | AN149: =IF(AND(youtube_stats_raw[[#This Row],[upload_frequency]]>23.1077381,youtube_stats_raw[[#This Row],[ engagement_rate]]<=0),"High",IF(OR(youtube_stats_raw[[#This Row],[upload_frequency]]>23.1077381,youtube_stats_raw[[#This Row],[ engagement_rate]]<=0),"Medium","Low")) -> Low | AO149: =DATE(T149, MATCH(U149,{"Jan","Feb","Mar","Apr","May","Jun","Jul","Aug","Sep","Oct","Nov","Dec"},0), V149) -> 40000 | AP149: =IF(youtube_stats_raw[[#This Row],[subscribers]]<70000000,"Micro",IF(youtube_stats_raw[[#This Row],[subscribers]]<128000000,"Mid",IF(youtube_stats_raw[[#This Row],[subscribers]]<186000000,"Macro","Mega"))) -> Micro | AQ149: =SUM((youtube_stats_raw[[#This Row],[lowest_yearly_earnings]] + youtube_stats_raw[[#This Row],[highest_yearly_earnings]])/2) -> 689250 | AR149: =IF(youtube_stats_raw[[#This Row],[upload_frequency]]<=_xlfn.PERCENTILE.INC(AC:AC,0.2),"Very Low",IF(youtube_stats_raw[[#This Row],[upload_frequency]]<=_xlfn.PERCENTILE.INC(AC:AC,0.4),"Low",IF(youtube_stats_raw[[#This Row],[upload_frequency]]<=_xlfn.PERCENTILE.INC(AC:AC,0.6),"Medium",IF(youtube_stats_raw[[#This Row],[upload_frequency]]<=_xlfn.PERCENTILE.INC(AC:AC,0.8),"High","Very High")))) -> Very Low
A150: 173 | B150: Ultra Records | C150: 29600000 | D150: 17208027242 | E150: Music | F150: Ultra Records | G150: 4903 | H150: United States | I150: US | J150: Music | K150: 165 | L150: 50 | M150: 56 | N150: 81884000 | O150: 20500 | P150: 327500 | Q150: 245700 | R150: 3900000 | S150: 0 | T150: 2006 | U150: Oct | V150: 24 | W150: 88.2 | X150: 328239523 | Y150: 14.7 | Z150: 270663028 | AA150: 37.09024 | AB150: -95.712891 | AC150: 22.699074 | AD150: 3509693.5 | AE150: 6037.1201 | AF150: 0.0017201274 | AG150: 19.031816 | AH150: 581.35227 | AI150: 20 | AJ150: 307000 | AK150: 3654300 | AL150: 0 | AM150: =youtube_stats_raw[[#This Row],[subscribers_for_last_30_days]] / youtube_stats_raw[[#This Row],[subscribers]] -> 0 | AN150: =IF(AND(youtube_stats_raw[[#This Row],[upload_frequency]]>23.1077381,youtube_stats_raw[[#This Row],[ engagement_rate]]<=0),"High",IF(OR(youtube_stats_raw[[#This Row],[upload_frequency]]>23.1077381,youtube_stats_raw[[#This Row],[ engagement_rate]]<=0),"Medium","Low")) -> Medium | AO150: =DATE(T150, MATCH(U150,{"Jan","Feb","Mar","Apr","May","Jun","Jul","Aug","Sep","Oct","Nov","Dec"},0), V150) -> 39014 | AP150: =IF(youtube_stats_raw[[#This Row],[subscribers]]<70000000,"Micro",IF(youtube_stats_raw[[#This Row],[subscribers]]<128000000,"Mid",IF(youtube_stats_raw[[#This Row],[subscribers]]<186000000,"Macro","Mega"))) -> Micro | AQ150: =SUM((youtube_stats_raw[[#This Row],[lowest_yearly_earnings]] + youtube_stats_raw[[#This Row],[highest_yearly_earnings]])/2) -> 2072850 | AR150: =IF(youtube_stats_raw[[#This Row],[upload_frequency]]<=_xlfn.PERCENTILE.INC(AC:AC,0.2),"Very Low",IF(youtube_stats_raw[[#This Row],[upload_frequency]]<=_xlfn.PERCENTILE.INC(AC:AC,0.4),"Low",IF(youtube_stats_raw[[#This Row],[upload_frequency]]<=_xlfn.PERCENTILE.INC(AC:AC,0.6),"Medium",IF(youtube_stats_raw[[#This Row],[upload_frequency]]<=_xlfn.PERCENTILE.INC(AC:AC,0.8),"High","Very High")))) -> High
A151: 175 | B151: Maluma | C151: 29300000 | D151: 21226945136 | E151: Music | F151: MaLuMa | G151: 14 | H151: Argentina | I151: AR | J151: People | K151: 4051498 | L151: 3624 | M151: 7658 | N151: 15 | O151: 0 | P151: 0 | Q151: 0 | R151: 1 | S151: 0 | T151: 2015 | U151: Oct | V151: 31 | W151: 90 | X151: 44938712 | Y151: 9.79 | Z151: 41339571 | AA151: -38.416097 | AB151: -63.616672 | AC151: 0.12962963 | AD151: 1.5162104e+09 | AE151: 2092857.1 | AF151: 0.0013803211 | AG151: 0 | AH151: 724.46912 | AI151: 11 | AJ151: 0 | AK151: 1 | AL151: 0 | AM151: =youtube_stats_raw[[#This Row],[subscribers_for_last_30_days]] / youtube_stats_raw[[#This Row],[subscribers]] -> 0 | AN151: =IF(AND(youtube_stats_raw[[#This Row],[upload_frequency]]>23.1077381,youtube_stats_raw[[#This Row],[ engagement_rate]]<=0),"High",IF(OR(youtube_stats_raw[[#This Row],[upload_frequency]]>23.1077381,youtube_stats_raw[[#This Row],[ engagement_rate]]<=0),"Medium","Low")) -> Medium | AO151: =DATE(T151, MATCH(U151,{"Jan","Feb","Mar","Apr","May","Jun","Jul","Aug","Sep","Oct","Nov","Dec"},0), V151) -> 42308 | AP151: =IF(youtube_stats_raw[[#This Row],[subscribers]]<70000000,"Micro",IF(youtube_stats_raw[[#This Row],[subscribers]]<128000000,"Mid",IF(youtube_stats_raw[[#This Row],[subscribers]]<186000000,"Macro","Mega"))) -> Micro | AQ151: =SUM((youtube_stats_raw[[#This Row],[lowest_yearly_earnings]] + youtube_stats_raw[[#This Row],[highest_yearly_earnings]])/2) -> 0.5 | AR151: =IF(youtube_stats_raw[[#This Row],[upload_frequency]]<=_xlfn.PERCENTILE.INC(AC:AC,0.2),"Very Low",IF(youtube_stats_raw[[#This Row],[upload_frequency]]<=_xlfn.PERCENTILE.INC(AC:AC,0.4),"Low",IF(youtube_stats_raw[[#This Row],[upload_frequency]]<=_xlfn.PERCENTILE.INC(AC:AC,0.6),"Medium",IF(youtube_stats_raw[[#This Row],[upload_frequency]]<=_xlfn.PERCENTILE.INC(AC:AC,0.8),"High","Very High")))) -> Very Low
A152: 176 | B152: Zhong | C152: 29200000 | D152: 14727238483 | E152: Entertainment | F152: Zhong | G152: 1513 | H152: United States | I152: US | J152: Entertainment | K152: 230 | L152: 51 | M152: 48 | N152: 180519000 | O152: 0 | P152: 0 | Q152: 0 | R152: 0 | S152: 1000000 | T152: 2015 | U152: Jan | V152: 19 | W152: 88.2 | X152: 328239523 | Y152: 14.7 | Z152: 270663028 | AA152: 37.09024 | AB152: -95.712891 | AC152: 14.009259 | AD152: 9733799.4 | AE152: 19299.405 | AF152: 0.0019827207 | AG152: 0 | AH152: 504.35748 | AI152: 11 | AJ152: 0 | AK152: 0 | AL152: 90909.091 | AM152: =youtube_stats_raw[[#This Row],[subscribers_for_last_30_days]] / youtube_stats_raw[[#This Row],[subscribers]] -> 0.034246575 | AN152: =IF(AND(youtube_stats_raw[[#This Row],[upload_frequency]]>23.1077381,youtube_stats_raw[[#This Row],[ engagement_rate]]<=0),"High",IF(OR(youtube_stats_raw[[#This Row],[upload_frequency]]>23.1077381,youtube_stats_raw[[#This Row],[ engagement_rate]]<=0),"Medium","Low")) -> Low | AO152: =DATE(T152, MATCH(U152,{"Jan","Feb","Mar","Apr","May","Jun","Jul","Aug","Sep","Oct","Nov","Dec"},0), V152) -> 42023 | AP152: =IF(youtube_stats_raw[[#This Row],[subscribers]]<70000000,"Micro",IF(youtube_stats_raw[[#This Row],[subscribers]]<128000000,"Mid",IF(youtube_stats_raw[[#This Row],[subscribers]]<186000000,"Macro","Mega"))) -> Micro | AQ152: =SUM((youtube_stats_raw[[#This Row],[lowest_yearly_earnings]] + youtube_stats_raw[[#This Row],[highest_yearly_earnings]])/2) -> 0 | AR152: =IF(youtube_stats_raw[[#This Row],[upload_frequency]]<=_xlfn.PERCENTILE.INC(AC:AC,0.2),"Very Low",IF(youtube_stats_raw[[#This Row],[upload_frequency]]<=_xlfn.PERCENTILE.INC(AC:AC,0.4),"Low",IF(youtube_stats_raw[[#This Row],[upload_frequency]]<=_xlfn.PERCENTILE.INC(AC:AC,0.6),"Medium",IF(youtube_stats_raw[[#This Row],[upload_frequency]]<=_xlfn.PERCENTILE.INC(AC:AC,0.8),"High","Very High")))) -> High
A153: 177 | B153: Enaldinho | C153: 29200000 | D153: 11627437847 | E153: Comedy | F153: Enaldinho | G153: 3654 | H153: Brazil | I153: BR | J153: Games | K153: 338 | L153: 10 | M153: 15 | N153: 303100000 | O153: 75800 | P153: 1200000 | Q153: 909300 | R153: 14500000 | S153: 1000000 | T153: 2012 | U153: Nov | V153: 7 | W153: 51.3 | X153: 212559417 | Y153: 12.08 | Z153: 183241641 | AA153: -14.235004 | AB153: -51.92528 | AC153: 25.375 | AD153: 3182112.2 | AE153: 7991.2425 | AF153: 0.0025113013 | AG153: 103.20416 | AH153: 398.19993 | AI153: 14 | AJ153: 1124200 | AK153: 13590700 | AL153: 71428.571 | AM153: =youtube_stats_raw[[#This Row],[subscribers_for_last_30_days]] / youtube_stats_raw[[#This Row],[subscribers]] -> 0.034246575 | AN153: =IF(AND(youtube_stats_raw[[#This Row],[upload_frequency]]>23.1077381,youtube_stats_raw[[#This Row],[ engagement_rate]]<=0),"High",IF(OR(youtube_stats_raw[[#This Row],[upload_frequency]]>23.1077381,youtube_stats_raw[[#This Row],[ engagement_rate]]<=0),"Medium","Low")) -> Medium | AO153: =DATE(T153, MATCH(U153,{"Jan","Feb","Mar","Apr","May","Jun","Jul","Aug","Sep","Oct","Nov","Dec"},0), V153) -> 41220 | AP153: =IF(youtube_stats_raw[[#This Row],[subscribers]]<70000000,"Micro",IF(youtube_stats_raw[[#This Row],[subscribers]]<128000000,"Mid",IF(youtube_stats_raw[[#This Row],[subscribers]]<186000000,"Macro","Mega"))) -> Micro | AQ153: =SUM((youtube_stats_raw[[#This Row],[lowest_yearly_earnings]] + youtube_stats_raw[[#This Row],[highest_yearly_earnings]])/2) -> 7704650 | AR153: =IF(youtube_stats_raw[[#This Row],[upload_frequency]]<=_xlfn.PERCENTILE.INC(AC:AC,0.2),"Very Low",IF(youtube_stats_raw[[#This Row],[upload_frequency]]<=_xlfn.PERCENTILE.INC(AC:AC,0.4),"Low",IF(youtube_stats_raw[[#This Row],[upload_frequency]]<=_xlfn.PERCENTILE.INC(AC:AC,0.6),"Medium",IF(youtube_stats_raw[[#This Row],[upload_frequency]]<=_xlfn.PERCENTILE.INC(AC:AC,0.8),"High","Very High")))) -> High
A154: 178 | B154: AuronPlay | C154: 29200000 | D154: 4079141673 | E154: Comedy | F154: AuronPlay | G154: 404 | H154: Spain | I154: ES | J154: Comedy | K154: 1852 | L154: 3 | M154: 9 | N154: 12143000 | O154: 3000 | P154: 48600 | Q154: 36400 | R154: 582900 | S154: 0 | T154: 2006 | U154: Feb | V154: 28 | W154: 88.9 | X154: 47076781 | Y154: 13.96 | Z154: 37927409 | AA154: 40.463667 | AB154: -3.74922 | AC154: 1.8703704 | AD154: 10096885 | AE154: 72277.228 | AF154: 0.0071583687 | AG154: 11.914271 | AH154: 139.69663 | AI154: 20 | AJ154: 45600 | AK154: 546500 | AL154: 0 | AM154: =youtube_stats_raw[[#This Row],[subscribers_for_last_30_days]] / youtube_stats_raw[[#This Row],[subscribers]] -> 0 | AN154: =IF(AND(youtube_stats_raw[[#This Row],[upload_frequency]]>23.1077381,youtube_stats_raw[[#This Row],[ engagement_rate]]<=0),"High",IF(OR(youtube_stats_raw[[#This Row],[upload_frequency]]>23.1077381,youtube_stats_raw[[#This Row],[ engagement_rate]]<=0),"Medium","Low")) -> Medium | AO154: =DATE(T154, MATCH(U154,{"Jan","Feb","Mar","Apr","May","Jun","Jul","Aug","Sep","Oct","Nov","Dec"},0), V154) -> 38776 | AP154: =IF(youtube_stats_raw[[#This Row],[subscribers]]<70000000,"Micro",IF(youtube_stats_raw[[#This Row],[subscribers]]<128000000,"Mid",IF(youtube_stats_raw[[#This Row],[subscribers]]<186000000,"Macro","Mega"))) -> Micro | AQ154: =SUM((youtube_stats_raw[[#This Row],[lowest_yearly_earnings]] + youtube_stats_raw[[#This Row],[highest_yearly_earnings]])/2) -> 309650 | AR154: =IF(youtube_stats_raw[[#This Row],[upload_frequency]]<=_xlfn.PERCENTILE.INC(AC:AC,0.2),"Very Low",IF(youtube_stats_raw[[#This Row],[upload_frequency]]<=_xlfn.PERCENTILE.INC(AC:AC,0.4),"Low",IF(youtube_stats_raw[[#This Row],[upload_frequency]]<=_xlfn.PERCENTILE.INC(AC:AC,0.6),"Medium",IF(youtube_stats_raw[[#This Row],[upload_frequency]]<=_xlfn.PERCENTILE.INC(AC:AC,0.8),"High","Very High")))) -> Low
A155: 180 | B155: infobells - Tamil | C155: 28900000 | D155: 17930570614 | E155: Education | F155: infobells - Tamil | G155: 555 | H155: India | I155: IN | J155: Education | K155: 149 | L155: 44 | M155: 13 | N155: 109828000 | O155: 27500 | P155: 439300 | Q155: 329500 | R155: 5300000 | S155: 200000 | T155: 2014 | U155: Mar | V155: 13 | W155: 28.1 | X155: 1366417754 | Y155: 5.36 | Z155: 471031528 | AA155: 20.593684 | AB155: 78.96288 | AC155: 4.625 | AD155: 32307334 | AE155: 52072.072 | AF155: 0.0016117725 | AG155: 24.500057 | AH155: 620.43497 | AI155: 12 | AJ155: 411800 | AK155: 4970500 | AL155: 16666.667 | AM155: =youtube_stats_raw[[#This Row],[subscribers_for_last_30_days]] / youtube_stats_raw[[#This Row],[subscribers]] -> 0.0069204152 | AN155: =IF(AND(youtube_stats_raw[[#This Row],[upload_frequency]]>23.1077381,youtube_stats_raw[[#This Row],[ engagement_rate]]<=0),"High",IF(OR(youtube_stats_raw[[#This Row],[upload_frequency]]>23.1077381,youtube_stats_raw[[#This Row],[ engagement_rate]]<=0),"Medium","Low")) -> Low | AO155: =DATE(T155, MATCH(U155,{"Jan","Feb","Mar","Apr","May","Jun","Jul","Aug","Sep","Oct","Nov","Dec"},0), V155) -> 41711 | AP155: =IF(youtube_stats_raw[[#This Row],[subscribers]]<70000000,"Micro",IF(youtube_stats_raw[[#This Row],[subscribers]]<128000000,"Mid",IF(youtube_stats_raw[[#This Row],[subscribers]]<186000000,"Macro","Mega"))) -> Micro | AQ155: =SUM((youtube_stats_raw[[#This Row],[lowest_yearly_earnings]] + youtube_stats_raw[[#This Row],[highest_yearly_earnings]])/2) -> 2814750 | AR155: =IF(youtube_stats_raw[[#This Row],[upload_frequency]]<=_xlfn.PERCENTILE.INC(AC:AC,0.2),"Very Low",IF(youtube_stats_raw[[#This Row],[upload_frequency]]<=_xlfn.PERCENTILE.INC(AC:AC,0.4),"Low",IF(youtube_stats_raw[[#This Row],[upload_frequency]]<=_xlfn.PERCENTILE.INC(AC:AC,0.6),"Medium",IF(youtube_stats_raw[[#This Row],[upload_frequency]]<=_xlfn.PERCENTILE.INC(AC:AC,0.8),"High","Very High")))) -> Low
A156: 182 | B156: The Late Late Show with James Corden | C156: 28400000 | D156: 9956764048 | E156: Entertainment | F156: The Late Late Show with James Corden | G156: 5809 | H156: United States | I156: US | J156: Entertainment | K156: 445 | L156: 53 | M156: 49 | N156: 26435000 | O156: 6600 | P156: 105700 | Q156: 79300 | R156: 1300000 | S156: 0 | T156: 2006 | U156: Nov | V156: 21 | W156: 88.2 | X156: 328239523 | Y156: 14.7 | Z156: 270663028 | AA156: 37.09024 | AB156: -95.712891 | AC156: 26.893519 | AD156: 1714023.8 | AE156: 4888.9654 | AF156: 0.0028523323 | AG156: 10.615899 | AH156: 350.59028 | AI156: 20 | AJ156: 99100 | AK156: 1220700 | AL156: 0 | AM156: =youtube_stats_raw[[#This Row],[subscribers_for_last_30_days]] / youtube_stats_raw[[#This Row],[subscribers]] -> 0 | AN156: =IF(AND(youtube_stats_raw[[#This Row],[upload_frequency]]>23.1077381,youtube_stats_raw[[#This Row],[ engagement_rate]]<=0),"High",IF(OR(youtube_stats_raw[[#This Row],[upload_frequency]]>23.1077381,youtube_stats_raw[[#This Row],[ engagement_rate]]<=0),"Medium","Low")) -> High | AO156: =DATE(T156, MATCH(U156,{"Jan","Feb","Mar","Apr","May","Jun","Jul","Aug","Sep","Oct","Nov","Dec"},0), V156) -> 39042 | AP156: =IF(youtube_stats_raw[[#This Row],[subscribers]]<70000000,"Micro",IF(youtube_stats_raw[[#This Row],[subscribers]]<128000000,"Mid",IF(youtube_stats_raw[[#This Row],[subscribers]]<186000000,"Macro","Mega"))) -> Micro | AQ156: =SUM((youtube_stats_raw[[#This Row],[lowest_yearly_earnings]] + youtube_stats_raw[[#This Row],[highest_yearly_earnings]])/2) -> 689650 | AR156: =IF(youtube_stats_raw[[#This Row],[upload_frequency]]<=_xlfn.PERCENTILE.INC(AC:AC,0.2),"Very Low",IF(youtube_stats_raw[[#This Row],[upload_frequency]]<=_xlfn.PERCENTILE.INC(AC:AC,0.4),"Low",IF(youtube_stats_raw[[#This Row],[upload_frequency]]<=_xlfn.PERCENTILE.INC(AC:AC,0.6),"Medium",IF(youtube_stats_raw[[#This Row],[upload_frequency]]<=_xlfn.PERCENTILE.INC(AC:AC,0.8),"High","Very High")))) -> High
... A161: 188 | B161: Michael Jackson | C161: 28200000 | D161: 14412474625 | E161: Music | F161: Michael Jackson | G161: 15 | H161: United States | I161: US | J161: Music | K161: 242 | L161: 54 | M161: 59 | N161: 158591000 | O161: 39600 | P161: 634400 | Q161: 475800 | R161: 7600000 | S161: 200000 | T161: 2005 | U161: Jun | V161: 22 | W161: 88.2 | X161: 328239523 | Y161: 14.7 | Z161: 270663028 | AA161: 37.09024 | AB161: -95.712891 | AC161: 0.065789474 | AD161: 9.6083164e+08 | AE161: 1880000 | AF161: 0.0019566383 | AG161: 44.017424 | AH161: 511.08066 | AI161: 21 | AJ161: 594800 | AK161: 7124200 | AL161: 9523.8095 | AM161: =youtube_stats_raw[[#This Row],[subscribers_for_last_30_days]] / youtube_stats_raw[[#This Row],[subscribers]] -> 0.0070921986 | AN161: =IF(AND(youtube_stats_raw[[#This Row],[upload_frequency]]>23.1077381,youtube_stats_raw[[#This Row],[ engagement_rate]]<=0),"High",IF(OR(youtube_stats_raw[[#This Row],[upload_frequency]]>23.1077381,youtube_stats_raw[[#This Row],[ engagement_rate]]<=0),"Medium","Low")) -> Low | AO161: =DATE(T161, MATCH(U161,{"Jan","Feb","Mar","Apr","May","Jun","Jul","Aug","Sep","Oct","Nov","Dec"},0), V161) -> 38525 | AP161: =IF(youtube_stats_raw[[#This Row],[subscribers]]<70000000,"Micro",IF(youtube_stats_raw[[#This Row],[subscribers]]<128000000,"Mid",IF(youtube_stats_raw[[#This Row],[subscribers]]<186000000,"Macro","Mega"))) -> Micro | AQ161: =SUM((youtube_stats_raw[[#This Row],[lowest_yearly_earnings]] + youtube_stats_raw[[#This Row],[highest_yearly_earnings]])/2) -> 4037900 | AR161: =IF(youtube_stats_raw[[#This Row],[upload_frequency]]<=_xlfn.PERCENTILE.INC(AC:AC,0.2),"Very Low",IF(youtube_stats_raw[[#This Row],[upload_frequency]]<=_xlfn.PERCENTILE.INC(AC:AC,0.4),"Low",IF(youtube_stats_raw[[#This Row],[upload_frequency]]<=_xlfn.PERCENTILE.INC(AC:AC,0.6),"Medium",IF(youtube_stats_raw[[#This Row],[upload_frequency]]<=_xlfn.PERCENTILE.INC(AC:AC,0.8),"High","Very High")))) -> Very Low
A162: 191 | B162: Sandeep Maheshwari | C162: 27800000 | D162: 2303069221 | E162: People & Blogs | F162: Sandeepmaheshwari | G162: 0 | H162: Singapore | I162: SG | J162: nan | K162: 4057944 | L162: 3017 | O162: 0 | P162: 0 | Q162: 0 | R162: 0 | S162: 1 | T162: 2008 | U162: Jan | V162: 2 | W162: 84.8 | X162: 5703569 | Y162: 4.11 | Z162: 5703569 | AA162: 1.352083 | AB162: 103.81984 | AC162: 0 | AD162: #NUM! | AE162: #NUM! | AF162: 0.012070849 | AG162: 0 | AH162: 82.844217 | AI162: 18 | AJ162: 0 | AK162: 0 | AL162: 0.055555556 | AM162: =youtube_stats_raw[[#This Row],[subscribers_for_last_30_days]] / youtube_stats_raw[[#This Row],[subscribers]] -> 3.5971223e-08 | AN162: =IF(AND(youtube_stats_raw[[#This Row],[upload_frequency]]>23.1077381,youtube_stats_raw[[#This Row],[ engagement_rate]]<=0),"High",IF(OR(youtube_stats_raw[[#This Row],[upload_frequency]]>23.1077381,youtube_stats_raw[[#This Row],[ engagement_rate]]<=0),"Medium","Low")) -> Low | AO162: =DATE(T162, MATCH(U162,{"Jan","Feb","Mar","Apr","May","Jun","Jul","Aug","Sep","Oct","Nov","Dec"},0), V162) -> 39449 | AP162: =IF(youtube_stats_raw[[#This Row],[subscribers]]<70000000,"Micro",IF(youtube_stats_raw[[#This Row],[subscribers]]<128000000,"Mid",IF(youtube_stats_raw[[#This Row],[subscribers]]<186000000,"Macro","Mega"))) -> Micro | AQ162: =SUM((youtube_stats_raw[[#This Row],[lowest_yearly_earnings]] + youtube_stats_raw[[#This Row],[highest_yearly_earnings]])/2) -> 0 | AR162: =IF(youtube_stats_raw[[#This Row],[upload_frequency]]<=_xlfn.PERCENTILE.INC(AC:AC,0.2),"Very Low",IF(youtube_stats_raw[[#This Row],[upload_frequency]]<=_xlfn.PERCENTILE.INC(AC:AC,0.4),"Low",IF(youtube_stats_raw[[#This Row],[upload_frequency]]<=_xlfn.PERCENTILE.INC(AC:AC,0.6),"Medium",IF(youtube_stats_raw[[#This Row],[upload_frequency]]<=_xlfn.PERCENTILE.INC(AC:AC,0.8),"High","Very High")))) -> Very Low
A163: 192 | B163: Bounce Patrol - Kids Songs | C163: 27800000 | D163: 21037851468 | E163: Music | F163: Bounce Patrol - Kids Songs | G163: 292 | H163: Australia | I163: AU | J163: Music | K163: 111 | L163: 1 | M163: 61 | N163: 127441000 | O163: 31900 | P163: 509800 | Q163: 382300 | R163: 6100000 | S163: 0 | T163: 2013 | U163: Jan | V163: 1 | W163: 113.1 | X163: 25766605 | Y163: 5.27 | Z163: 21844756 | AA163: -25.274398 | AB163: 133.77514 | AC163: 2.2121212 | AD163: 72047437 | AE163: 95205.479 | AF163: 0.0013214277 | AG163: 24.232513 | AH163: 756.75725 | AI163: 13 | AJ163: 477900 | AK163: 5717700 | AL163: 0 | AM163: =youtube_stats_raw[[#This Row],[subscribers_for_last_30_days]] / youtube_stats_raw[[#This Row],[subscribers]] -> 0 | AN163: =IF(AND(youtube_stats_raw[[#This Row],[upload_frequency]]>23.1077381,youtube_stats_raw[[#This Row],[ engagement_rate]]<=0),"High",IF(OR(youtube_stats_raw[[#This Row],[upload_frequency]]>23.1077381,youtube_stats_raw[[#This Row],[ engagement_rate]]<=0),"Medium","Low")) -> Medium | AO163: =DATE(T163, MATCH(U163,{"Jan","Feb","Mar","Apr","May","Jun","Jul","Aug","Sep","Oct","Nov","Dec"},0), V163) -> 41275 | AP163: =IF(youtube_stats_raw[[#This Row],[subscribers]]<70000000,"Micro",IF(youtube_stats_raw[[#This Row],[subscribers]]<128000000,"Mid",IF(youtube_stats_raw[[#This Row],[subscribers]]<186000000,"Macro","Mega"))) -> Micro | AQ163: =SUM((youtube_stats_raw[[#This Row],[lowest_yearly_earnings]] + youtube_stats_raw[[#This Row],[highest_yearly_earnings]])/2) -> 3241150 | AR163: =IF(youtube_stats_raw[[#This Row],[upload_frequency]]<=_xlfn.PERCENTILE.INC(AC:AC,0.2),"Very Low",IF(youtube_stats_raw[[#This Row],[upload_frequency]]<=_xlfn.PERCENTILE.INC(AC:AC,0.4),"Low",IF(youtube_stats_raw[[#This Row],[upload_frequency]]<=_xlfn.PERCENTILE.INC(AC:AC,0.6),"Medium",IF(youtube_stats_raw[[#This Row],[upload_frequency]]<=_xlfn.PERCENTILE.INC(AC:AC,0.8),"High","Very High")))) -> Low
A164: 193 | B164: toycantando | C164: 27700000 | D164: 15777682516 | E164: Music | F164: toycantando | G164: 619 | H164: Colombia | I164: CO | J164: Music | K164: 197 | L164: 4 | M164: 62 | N164: 173836000 | O164: 43500 | P164: 695300 | Q164: 521500 | R164: 8300000 | S164: 200000 | T164: 2009 | U164: Jul | V164: 7 | W164: 55.3 | X164: 50339443 | Y164: 9.71 | Z164: 40827302 | AA164: 4.570868 | AB164: -74.297333 | AC164: 3.4388889 | AD164: 25488986 | AE164: 44749.596 | AF164: 0.0017556444 | AG164: 44.068576 | AH164: 569.59143 | AI164: 17 | AJ164: 651800 | AK164: 7778500 | AL164: 11764.706 | AM164: =youtube_stats_raw[[#This Row],[subscribers_for_last_30_days]] / youtube_stats_raw[[#This Row],[subscribers]] -> 0.0072202166 | AN164: =IF(AND(youtube_stats_raw[[#This Row],[upload_frequency]]>23.1077381,youtube_stats_raw[[#This Row],[ engagement_rate]]<=0),"High",IF(OR(youtube_stats_raw[[#This Row],[upload_frequency]]>23.1077381,youtube_stats_raw[[#This Row],[ engagement_rate]]<=0),"Medium","Low")) -> Low | AO164: =DATE(T164, MATCH(U164,{"Jan","Feb","Mar","Apr","May","Jun","Jul","Aug","Sep","Oct","Nov","Dec"},0), V164) -> 40001 | AP164: =IF(youtube_stats_raw[[#This Row],[subscribers]]<70000000,"Micro",IF(youtube_stats_raw[[#This Row],[subscribers]]<128000000,"Mid",IF(youtube_stats_raw[[#This Row],[subscribers]]<186000000,"Macro","Mega"))) -> Micro | AQ164: =SUM((youtube_stats_raw[[#This Row],[lowest_yearly_earnings]] + youtube_stats_raw[[#This Row],[highest_yearly_earnings]])/2) -> 4410750 | AR164: =IF(youtube_stats_raw[[#This Row],[upload_frequency]]<=_xlfn.PERCENTILE.INC(AC:AC,0.2),"Very Low",IF(youtube_stats_raw[[#This Row],[upload_frequency]]<=_xlfn.PERCENTILE.INC(AC:AC,0.4),"Low",IF(youtube_stats_raw[[#This Row],[upload_frequency]]<=_xlfn.PERCENTILE.INC(AC:AC,0.6),"Medium",IF(youtube_stats_raw[[#This Row],[upload_frequency]]<=_xlfn.PERCENTILE.INC(AC:AC,0.8),"High","Very High")))) -> Low
A165: 194 | B165: MrBeast 2 | C165: 27500000 | D165: 4552581106 | E165: People & Blogs | F165: Leaux Pass | G165: 27 | H165: United States | I165: US | J165: Music | K165: 2161873 | L165: 5889 | M165: 4311 | N165: 649 | O165: 0 | P165: 0 | Q165: 0 | R165: 0 | S165: 0 | T165: 2011 | U165: Jun | V165: 23 | W165: 88.2 | X165: 328239523 | Y165: 14.7 | Z165: 270663028 | AA165: 37.09024 | AB165: -95.712891 | AC165: 0.17307692 | AD165: 1.6861412e+08 | AE165: 1018518.5 | AF165: 0.0060405294 | AG165: 0 | AH165: 165.5484 | AI165: 15 | AJ165: 0 | AK165: 0 | AL165: 0 | AM165: =youtube_stats_raw[[#This Row],[subscribers_for_last_30_days]] / youtube_stats_raw[[#This Row],[subscribers]] -> 0 | AN165: =IF(AND(youtube_stats_raw[[#This Row],[upload_frequency]]>23.1077381,youtube_stats_raw[[#This Row],[ engagement_rate]]<=0),"High",IF(OR(youtube_stats_raw[[#This Row],[upload_frequency]]>23.1077381,youtube_stats_raw[[#This Row],[ engagement_rate]]<=0),"Medium","Low")) -> Medium | AO165: =DATE(T165, MATCH(U165,{"Jan","Feb","Mar","Apr","May","Jun","Jul","Aug","Sep","Oct","Nov","Dec"},0), V165) -> 40717 | AP165: =IF(youtube_stats_raw[[#This Row],[subscribers]]<70000000,"Micro",IF(youtube_stats_raw[[#This Row],[subscribers]]<128000000,"Mid",IF(youtube_stats_raw[[#This Row],[subscribers]]<186000000,"Macro","Mega"))) -> Micro | AQ165: =SUM((youtube_stats_raw[[#This Row],[lowest_yearly_earnings]] + youtube_stats_raw[[#This Row],[highest_yearly_earnings]])/2) -> 0 | AR165: =IF(youtube_stats_raw[[#This Row],[upload_frequency]]<=_xlfn.PERCENTILE.INC(AC:AC,0.2),"Very Low",IF(youtube_stats_raw[[#This Row],[upload_frequency]]<=_xlfn.PERCENTILE.INC(AC:AC,0.4),"Low",IF(youtube_stats_raw[[#This Row],[upload_frequency]]<=_xlfn.PERCENTILE.INC(AC:AC,0.6),"Medium",IF(youtube_stats_raw[[#This Row],[upload_frequency]]<=_xlfn.PERCENTILE.INC(AC:AC,0.8),"High","Very High")))) -> Very Low
A166: 195 | B166: Wiz Khalifa | C166: 27500000 | D166: 13379395501 | E166: Music | F166: Wiz Khalifa | G166: 682 | H166: United States | I166: US | J166: Music | K166: 275 | L166: 57 | M166: 63 | N166: 90450000 | O166: 22600 | P166: 361800 | Q166: 271300 | R166: 4300000 | S166: 100000 | T166: 2008 | U166: May | V166: 9 | W166: 88.2 | X166: 328239523 | Y166: 14.7 | Z166: 270663028 | AA166: 37.09024 | AB166: -95.712891 | AC166: 3.5520833 | AD166: 19617882 | AE166: 40322.581 | AF166: 0.0020553993 | AG166: 27.04158 | AH166: 486.52347 | AI166: 18 | AJ166: 339200 | AK166: 4028700 | AL166: 5555.5556 | AM166: =youtube_stats_raw[[#This Row],[subscribers_for_last_30_days]] / youtube_stats_raw[[#This Row],[subscribers]] -> 0.0036363636 | AN166: =IF(AND(youtube_stats_raw[[#This Row],[upload_frequency]]>23.1077381,youtube_stats_raw[[#This Row],[ engagement_rate]]<=0),"High",IF(OR(youtube_stats_raw[[#This Row],[upload_frequency]]>23.1077381,youtube_stats_raw[[#This Row],[ engagement_rate]]<=0),"Medium","Low")) -> Low | AO166: =DATE(T166, MATCH(U166,{"Jan","Feb","Mar","Apr","May","Jun","Jul","Aug","Sep","Oct","Nov","Dec"},0), V166) -> 39577 | AP166: =IF(youtube_stats_raw[[#This Row],[subscribers]]<70000000,"Micro",IF(youtube_stats_raw[[#This Row],[subscribers]]<128000000,"Mid",IF(youtube_stats_raw[[#This Row],[subscribers]]<186000000,"Macro","Mega"))) -> Micro | AQ166: =SUM((youtube_stats_raw[[#This Row],[lowest_yearly_earnings]] + youtube_stats_raw[[#This Row],[highest_yearly_earnings]])/2) -> 2285650 | AR166: =IF(youtube_stats_raw[[#This Row],[upload_frequency]]<=_xlfn.PERCENTILE.INC(AC:AC,0.2),"Very Low",IF(youtube_stats_raw[[#This Row],[upload_frequency]]<=_xlfn.PERCENTILE.INC(AC:AC,0.4),"Low",IF(youtube_stats_raw[[#This Row],[upload_frequency]]<=_xlfn.PERCENTILE.INC(AC:AC,0.6),"Medium",IF(youtube_stats_raw[[#This Row],[upload_frequency]]<=_xlfn.PERCENTILE.INC(AC:AC,0.8),"High","Very High")))) -> Low
A167: 196 | B167: JYP Entertainment | C167: 27400000 | D167: 19883150017 | E167: Music | F167: JYP Entertainment | G167: 1753 | H167: South Korea | I167: KR | J167: Music | K167: 124 | L167: 4 | M167: 64 | N167: 307631000 | O167: 76900 | P167: 1200000 | Q167: 922900 | R167: 14800000 | S167: 200000 | T167: 2008 | U167: Jan | V167: 25 | W167: 94.3 | X167: 51709098 | Y167: 4.15 | Z167: 42106719 | AA167: 35.907757 | AB167: 127.76692 | AC167: 9.1302083 | AD167: 11342356 | AE167: 15630.348 | AF167: 0.0013780513 | AG167: 60.35261 | AH167: 725.66241 | AI167: 18 | AJ167: 1123100 | AK167: 13877100 | AL167: 11111.111 | AM167: =youtube_stats_raw[[#This Row],[subscribers_for_last_30_days]] / youtube_stats_raw[[#This Row],[subscribers]] -> 0.0072992701 | AN167: =IF(AND(youtube_stats_raw[[#This Row],[upload_frequency]]>23.1077381,youtube_stats_raw[[#This Row],[ engagement_rate]]<=0),"High",IF(OR(youtube_stats_raw[[#This Row],[upload_frequency]]>23.1077381,youtube_stats_raw[[#This Row],[ engagement_rate]]<=0),"Medium","Low")) -> Low | AO167: =DATE(T167, MATCH(U167,{"Jan","Feb","Mar","Apr","May","Jun","Jul","Aug","Sep","Oct","Nov","Dec"},0), V167) -> 39472 | AP167: =IF(youtube_stats_raw[[#This Row],[subscribers]]<70000000,"Micro",IF(youtube_stats_raw[[#This Row],[subscribers]]<128000000,"Mid",IF(youtube_stats_raw[[#This Row],[subscribers]]<186000000,"Macro","Mega"))) -> Micro | AQ167: =SUM((youtube_stats_raw[[#This Row],[lowest_yearly_earnings]] + youtube_stats_raw[[#This Row],[highest_yearly_earnings]])/2) -> 7861450 | AR167: =IF(youtube_stats_raw[[#This Row],[upload_frequency]]<=_xlfn.PERCENTILE.INC(AC:AC,0.2),"Very Low",IF(youtube_stats_raw[[#This Row],[upload_frequency]]<=_xlfn.PERCENTILE.INC(AC:AC,0.4),"Low",IF(youtube_stats_raw[[#This Row],[upload_frequency]]<=_xlfn.PERCENTILE.INC(AC:AC,0.6),"Medium",IF(youtube_stats_raw[[#This Row],[upload_frequency]]<=_xlfn.PERCENTILE.INC(AC:AC,0.8),"High","Very High")))) -> Medium
A168: 197 | B168: ýýý Kids Roma Show | C168: 27400000 | D168: 10336420490 | E168: People & Blogs | F168: ýýý Kids Roma Show | G168: 642 | H168: United States | I168: US | J168: Entertainment | K168: 418 | L168: 58 | M168: 50 | N168: 175844000 | O168: 44000 | P168: 703400 | Q168: 527500 | R168: 8400000 | S168: 400000 | T168: 2015 | U168: May | V168: 12 | W168: 88.2 | X168: 328239523 | Y168: 14.7 | Z168: 270663028 | AA168: 37.09024 | AB168: -95.712891 | AC168: 5.9444444 | AD168: 16100343 | AE168: 42679.128 | AF168: 0.002650821 | AG168: 68.050637 | AH168: 377.24162 | AI168: 11 | AJ168: 659400 | AK168: 7872500 | AL168: 36363.636 | AM168: =youtube_stats_raw[[#This Row],[subscribers_for_last_30_days]] / youtube_stats_raw[[#This Row],[subscribers]] -> 0.01459854 | AN168: =IF(AND(youtube_stats_raw[[#This Row],[upload_frequency]]>23.1077381,youtube_stats_raw[[#This Row],[ engagement_rate]]<=0),"High",IF(OR(youtube_stats_raw[[#This Row],[upload_frequency]]>23.1077381,youtube_stats_raw[[#This Row],[ engagement_rate]]<=0),"Medium","Low")) -> Low | AO168: =DATE(T168, MATCH(U168,{"Jan","Feb","Mar","Apr","May","Jun","Jul","Aug","Sep","Oct","Nov","Dec"},0), V168) -> 42136 | AP168: =IF(youtube_stats_raw[[#This Row],[subscribers]]<70000000,"Micro",IF(youtube_stats_raw[[#This Row],[subscribers]]<128000000,"Mid",IF(youtube_stats_raw[[#This Row],[subscribers]]<186000000,"Macro","Mega"))) -> Micro | AQ168: =SUM((youtube_stats_raw[[#This Row],[lowest_yearly_earnings]] + youtube_stats_raw[[#This Row],[highest_yearly_earnings]])/2) -> 4463750 | AR168: =IF(youtube_stats_raw[[#This Row],[upload_frequency]]<=_xlfn.PERCENTILE.INC(AC:AC,0.2),"Very Low",IF(youtube_stats_raw[[#This Row],[upload_frequency]]<=_xlfn.PERCENTILE.INC(AC:AC,0.4),"Low",IF(youtube_stats_raw[[#This Row],[upload_frequency]]<=_xlfn.PERCENTILE.INC(AC:AC,0.6),"Medium",IF(youtube_stats_raw[[#This Row],[upload_frequency]]<=_xlfn.PERCENTILE.INC(AC:AC,0.8),"High","Very High")))) -> Medium
A169: 198 | B169: DanTDM | C169: 27400000 | D169: 19417887510 | E169: Gaming | F169: DanTDM | G169: 3664 | H169: United Kingdom | I169: GB | J169: Games | K169: 132 | L169: 7 | M169: 16 | N169: 78668000 | O169: 19700 | P169: 314700 | Q169: 236000 | R169: 3800000 | S169: 500000 | T169: 2012 | U169: Jul | V169: 14 | W169: 60 | X169: 66834405 | Y169: 3.85 | Z169: 55908316 | AA169: 55.378051 | AB169: -3.435973 | AC169: 25.444444 | AD169: 5299641.8 | AE169: 7478.1659 | AF169: 0.0014110701 | AG169: 16.206706 | AH169: 708.68203 | AI169: 14 | AJ169: 295000 | AK169: 3564000 | AL169: 35714.286 | AM169: =youtube_stats_raw[[#This Row],[subscribers_for_last_30_days]] / youtube_stats_raw[[#This Row],[subscribers]] -> 0.018248175 | AN169: =IF(AND(youtube_stats_raw[[#This Row],[upload_frequency]]>23.1077381,youtube_stats_raw[[#This Row],[ engagement_rate]]<=0),"High",IF(OR(youtube_stats_raw[[#This Row],[upload_frequency]]>23.1077381,youtube_stats_raw[[#This Row],[ engagement_rate]]<=0),"Medium","Low")) -> Medium | AO169: =DATE(T169, MATCH(U169,{"Jan","Feb","Mar","Apr","May","Jun","Jul","Aug","Sep","Oct","Nov","Dec"},0), V169) -> 41104 | AP169: =IF(youtube_stats_raw[[#This Row],[subscribers]]<70000000,"Micro",IF(youtube_stats_raw[[#This Row],[subscribers]]<128000000,"Mid",IF(youtube_stats_raw[[#This Row],[subscribers]]<186000000,"Macro","Mega"))) -> Micro | AQ169: =SUM((youtube_stats_raw[[#This Row],[lowest_yearly_earnings]] + youtube_stats_raw[[#This Row],[highest_yearly_earnings]])/2) -> 2018000 | AR169: =IF(youtube_stats_raw[[#This Row],[upload_frequency]]<=_xlfn.PERCENTILE.INC(AC:AC,0.2),"Very Low",IF(youtube_stats_raw[[#This Row],[upload_frequency]]<=_xlfn.PERCENTILE.INC(AC:AC,0.4),"Low",IF(youtube_stats_raw[[#This Row],[upload_frequency]]<=_xlfn.PERCENTILE.INC(AC:AC,0.6),"Medium",IF(youtube_stats_raw[[#This Row],[upload_frequency]]<=_xlfn.PERCENTILE.INC(AC:AC,0.8),"High","Very High")))) -> High
A170: 199 | B170: Nick Jr. | C170: 27300000 | D170: 22440611155 | E170: Film & Animation | F170: Nick Jr. | G170: 5438 | H170: United States | I170: US | J170: Entertainment | K170: 100 | L170: 59 | M170: 51 | N170: 42546000 | O170: 10600 | P170: 170200 | Q170: 127600 | R170: 2000000 | S170: 200000 | T170: 2012 | U170: Sep | V170: 27 | W170: 88.2 | X170: 328239523 | Y170: 14.7 | Z170: 270663028 | AA170: 37.09024 | AB170: -95.712891 | AC170: 37.763889 | AD170: 4126629.5 | AE170: 5020.228 | AF170: 0.0012165444 | AG170: 7.5844637 | AH170: 822.00041 | AI170: 14 | AJ170: 159600 | AK170: 1872400 | AL170: 14285.714 | AM170: =youtube_stats_raw[[#This Row],[subscribers_for_last_30_days]] / youtube_stats_raw[[#This Row],[subscribers]] -> 0.0073260073 | AN170: =IF(AND(youtube_stats_raw[[#This Row],[upload_frequency]]>23.1077381,youtube_stats_raw[[#This Row],[ engagement_rate]]<=0),"High",IF(OR(youtube_stats_raw[[#This Row],[upload_frequency]]>23.1077381,youtube_stats_raw[[#This Row],[ engagement_rate]]<=0),"Medium","Low")) -> Medium | AO170: =DATE(T170, MATCH(U170,{"Jan","Feb","Mar","Apr","May","Jun","Jul","Aug","Sep","Oct","Nov","Dec"},0), V170) -> 41179 | AP170: =IF(youtube_stats_raw[[#This Row],[subscribers]]<70000000,"Micro",IF(youtube_stats_raw[[#This Row],[subscribers]]<128000000,"Mid",IF(youtube_stats_raw[[#This Row],[subscribers]]<186000000,"Macro","Mega"))) -> Micro | AQ170: =SUM((youtube_stats_raw[[#This Row],[lowest_yearly_earnings]] + youtube_stats_raw[[#This Row],[highest_yearly_earnings]])/2) -> 1063800 | AR170: =IF(youtube_stats_raw[[#This Row],[upload_frequency]]<=_xlfn.PERCENTILE.INC(AC:AC,0.2),"Very Low",IF(youtube_stats_raw[[#This Row],[upload_frequency]]<=_xlfn.PERCENTILE.INC(AC:AC,0.4),"Low",IF(youtube_stats_raw[[#This Row],[upload_frequency]]<=_xlfn.PERCENTILE.INC(AC:AC,0.6),"Medium",IF(youtube_stats_raw[[#This Row],[upload_frequency]]<=_xlfn.PERCENTILE.INC(AC:AC,0.8),"High","Very High")))) -> Very High
A171: 200 | B171: Crazy XYZ | C171: 27300000 | D171: 7705492350 | E171: Entertainment | F171: Crazy XYZ | G171: 1259 | H171: India | I171: IN | J171: Tech | K171: 707 | L171: 48 | M171: 2 | N171: 102235000 | O171: 25600 | P171: 408900 | Q171: 306700 | R171: 4900000 | S171: 100000 | T171: 2017 | U171: Sep | V171: 10 | W171: 28.1 | X171: 1366417754 | Y171: 5.36 | Z171: 471031528 | AA171: 20.593684 | AB171: 78.96288 | AC171: 14.988095 | AD171: 6120327.5 | AE171: 21683.876 | AF171: 0.0035429274 | AG171: 53.066045 | AH171: 282.25247 | AI171: 9 | AJ171: 383300 | AK171: 4593300 | AL171: 11111.111 | AM171: =youtube_stats_raw[[#This Row],[subscribers_for_last_30_days]] / youtube_stats_raw[[#This Row],[subscribers]] -> 0.0036630037 | AN171: =IF(AND(youtube_stats_raw[[#This Row],[upload_frequency]]>23.1077381,youtube_stats_raw[[#This Row],[ engagement_rate]]<=0),"High",IF(OR(youtube_stats_raw[[#This Row],[upload_frequency]]>23.1077381,youtube_stats_raw[[#This Row],[ engagement_rate]]<=0),"Medium","Low")) -> Low | AO171: =DATE(T171, MATCH(U171,{"Jan","Feb","Mar","Apr","May","Jun","Jul","Aug","Sep","Oct","Nov","Dec"},0), V171) -> 42988 | AP171: =IF(youtube_stats_raw[[#This Row],[subscribers]]<70000000,"Micro",IF(youtube_stats_raw[[#This Row],[subscribers]]<128000000,"Mid",IF(youtube_stats_raw[[#This Row],[subscribers]]<186000000,"Macro","Mega"))) -> Micro | AQ171: =SUM((youtube_stats_raw[[#This Row],[lowest_yearly_earnings]] + youtube_stats_raw[[#This Row],[highest_yearly_earnings]])/2) -> 2603350 | AR171: =IF(youtube_stats_raw[[#This Row],[upload_frequency]]<=_xlfn.PERCENTILE.INC(AC:AC,0.2),"Very Low",IF(youtube_stats_raw[[#This Row],[upload_frequency]]<=_xlfn.PERCENTILE.INC(AC:AC,0.4),"Low",IF(youtube_stats_raw[[#This Row],[upload_frequency]]<=_xlfn.PERCENTILE.INC(AC:AC,0.6),"Medium",IF(youtube_stats_raw[[#This Row],[upload_frequency]]<=_xlfn.PERCENTILE.INC(AC:AC,0.8),"High","Very High")))) -> High
A172: 202 | B172: Dushyant kukreja | C172: 27100000 | D172: 17318452893 | E172: Entertainment | F172: Dushyant kukreja | G172: 889 | H172: India | I172: IN | J172: Entertainment | K172: 159 | L172: 49 | M172: 52 | N172: 429692000 | O172: 107400 | P172: 1700000 | Q172: 1300000 | R172: 20600000 | S172: 700000 | T172: 2015 | U172: Sep | V172: 26 | W172: 28.1 | X172: 1366417754 | Y172: 5.36 | Z172: 471031528 | AA172: 20.593684 | AB172: 78.96288 | AC172: 8.2314815 | AD172: 19480824 | AE172: 30483.69 | AF172: 0.0015648049 | AG172: 98.161193 | AH172: 639.0573 | AI172: 11 | AJ172: 1592600 | AK172: 19300000 | AL172: 63636.364 | AM172: =youtube_stats_raw[[#This Row],[subscribers_for_last_30_days]] / youtube_stats_raw[[#This Row],[subscribers]] -> 0.025830258 | AN172: =IF(AND(youtube_stats_raw[[#This Row],[upload_frequency]]>23.1077381,youtube_stats_raw[[#This Row],[ engagement_rate]]<=0),"High",IF(OR(youtube_stats_raw[[#This Row],[upload_frequency]]>23.1077381,youtube_stats_raw[[#This Row],[ engagement_rate]]<=0),"Medium","Low")) -> Low | AO172: =DATE(T172, MATCH(U172,{"Jan","Feb","Mar","Apr","May","Jun","Jul","Aug","Sep","Oct","Nov","Dec"},0), V172) -> 42273 | AP172: =IF(youtube_stats_raw[[#This Row],[subscribers]]<70000000,"Micro",IF(youtube_stats_raw[[#This Row],[subscribers]]<128000000,"Mid",IF(youtube_stats_raw[[#This Row],[subscribers]]<186000000,"Macro","Mega"))) -> Micro | AQ172: =SUM((youtube_stats_raw[[#This Row],[lowest_yearly_earnings]] + youtube_stats_raw[[#This Row],[highest_yearly_earnings]])/2) -> 10950000 | AR172: =IF(youtube_stats_raw[[#This Row],[upload_frequency]]<=_xlfn.PERCENTILE.INC(AC:AC,0.2),"Very Low",IF(youtube_stats_raw[[#This Row],[upload_frequency]]<=_xlfn.PERCENTILE.INC(AC:AC,0.4),"Low",IF(youtube_stats_raw[[#This Row],[upload_frequency]]<=_xlfn.PERCENTILE.INC(AC:AC,0.6),"Medium",IF(youtube_stats_raw[[#This Row],[upload_frequency]]<=_xlfn.PERCENTILE.INC(AC:AC,0.8),"High","Very High")))) -> Medium
A173: 204 | B173: Brent Rivera | C173: 27000000 | D173: 6570935979 | E173: Comedy | F173: Brent Rivera | G173: 554 | H173: United States | I173: US | J173: Entertainment | K173: 909 | L173: 60 | M173: 53 | N173: 144453000 | O173: 36100 | P173: 577800 | Q173: 433400 | R173: 6900000 | S173: 300000 | T173: 2009 | U173: Aug | V173: 1 | W173: 88.2 | X173: 328239523 | Y173: 14.7 | Z173: 270663028 | AA173: 37.09024 | AB173: -95.712891 | AC173: 3.0777778 | AD173: 11860895 | AE173: 48736.462 | AF173: 0.0041090037 | AG173: 87.932678 | AH173: 243.368 | AI173: 17 | AJ173: 541700 | AK173: 6466600 | AL173: 17647.059 | AM173: =youtube_stats_raw[[#This Row],[subscribers_for_last_30_days]] / youtube_stats_raw[[#This Row],[subscribers]] -> 0.011111111 | AN173: =IF(AND(youtube_stats_raw[[#This Row],[upload_frequency]]>23.1077381,youtube_stats_raw[[#This Row],[ engagement_rate]]<=0),"High",IF(OR(youtube_stats_raw[[#This Row],[upload_frequency]]>23.1077381,youtube_stats_raw[[#This Row],[ engagement_rate]]<=0),"Medium","Low")) -> Low | AO173: =DATE(T173, MATCH(U173,{"Jan","Feb","Mar","Apr","May","Jun","Jul","Aug","Sep","Oct","Nov","Dec"},0), V173) -> 40026 | AP173: =IF(youtube_stats_raw[[#This Row],[subscribers]]<70000000,"Micro",IF(youtube_stats_raw[[#This Row],[subscribers]]<128000000,"Mid",IF(youtube_stats_raw[[#This Row],[subscribers]]<186000000,"Macro","Mega"))) -> Micro | AQ173: =SUM((youtube_stats_raw[[#This Row],[lowest_yearly_earnings]] + youtube_stats_raw[[#This Row],[highest_yearly_earnings]])/2) -> 3666700 | AR173: =IF(youtube_stats_raw[[#This Row],[upload_frequency]]<=_xlfn.PERCENTILE.INC(AC:AC,0.2),"Very Low",IF(youtube_stats_raw[[#This Row],[upload_frequency]]<=_xlfn.PERCENTILE.INC(AC:AC,0.4),"Low",IF(youtube_stats_raw[[#This Row],[upload_frequency]]<=_xlfn.PERCENTILE.INC(AC:AC,0.6),"Medium",IF(youtube_stats_raw[[#This Row],[upload_frequency]]<=_xlfn.PERCENTILE.INC(AC:AC,0.8),"High","Very High")))) -> Low
A174: 205 | B174: Renato Garcia YT | C174: 26900000 | D174: 7938616641 | E174: Entertainment | F174: Renato Garcia YT | G174: 3956 | H174: Brazil | I174: BR | J174: Entertainment | K174: 664 | L174: 11 | M174: 54 | N174: 82912000 | O174: 20700 | P174: 331600 | Q174: 248700 | R174: 4000000 | S174: 200000 | T174: 2011 | U174: Sep | V174: 29 | W174: 51.3 | X174: 212559417 | Y174: 12.08 | Z174: 183241641 | AA174: -14.235004 | AB174: -51.92528 | AC174: 25.358974 | AD174: 2006728.2 | AE174: 6799.7978 | AF174: 0.0033884997 | AG174: 41.770502 | AH174: 295.11586 | AI174: 15 | AJ174: 310900 | AK174: 3751300 | AL174: 13333.333 | AM174: =youtube_stats_raw[[#This Row],[subscribers_for_last_30_days]] / youtube_stats_raw[[#This Row],[subscribers]] -> 0.0074349442 | AN174: =IF(AND(youtube_stats_raw[[#This Row],[upload_frequency]]>23.1077381,youtube_stats_raw[[#This Row],[ engagement_rate]]<=0),"High",IF(OR(youtube_stats_raw[[#This Row],[upload_frequency]]>23.1077381,youtube_stats_raw[[#This Row],[ engagement_rate]]<=0),"Medium","Low")) -> Medium | AO174: =DATE(T174, MATCH(U174,{"Jan","Feb","Mar","Apr","May","Jun","Jul","Aug","Sep","Oct","Nov","Dec"},0), V174) -> 40815 | AP174: =IF(youtube_stats_raw[[#This Row],[subscribers]]<70000000,"Micro",IF(youtube_stats_raw[[#This Row],[subscribers]]<128000000,"Mid",IF(youtube_stats_raw[[#This Row],[subscribers]]<186000000,"Macro","Mega"))) -> Micro | AQ174: =SUM((youtube_stats_raw[[#This Row],[lowest_yearly_earnings]] + youtube_stats_raw[[#This Row],[highest_yearly_earnings]])/2) -> 2124350 | AR174: =IF(youtube_stats_raw[[#This Row],[upload_frequency]]<=_xlfn.PERCENTILE.INC(AC:AC,0.2),"Very Low",IF(youtube_stats_raw[[#This Row],[upload_frequency]]<=_xlfn.PERCENTILE.INC(AC:AC,0.4),"Low",IF(youtube_stats_raw[[#This Row],[upload_frequency]]<=_xlfn.PERCENTILE.INC(AC:AC,0.6),"Medium",IF(youtube_stats_raw[[#This Row],[upload_frequency]]<=_xlfn.PERCENTILE.INC(AC:AC,0.8),"High","Very High")))) -> High
... A186: 217 | B186: Smosh | C186: 26100000 | D186: 10435474336 | E186: Comedy | F186: Smosh | G186: 1619 | H186: United States | I186: US | J186: Comedy | K186: 410 | L186: 65 | M186: 13 | N186: 68156000 | O186: 17000 | P186: 272600 | Q186: 204500 | R186: 3300000 | S186: 400000 | T186: 2005 | U186: Nov | V186: 19 | W186: 88.2 | X186: 328239523 | Y186: 14.7 | Z186: 270663028 | AA186: 37.09024 | AB186: -95.712891 | AC186: 7.1008772 | AD186: 6445629.6 | AE186: 16121.062 | AF186: 0.0025010842 | AG186: 26.122435 | AH186: 399.8266 | AI186: 21 | AJ186: 255600 | AK186: 3095500 | AL186: 19047.619 | AM186: =youtube_stats_raw[[#This Row],[subscribers_for_last_30_days]] / youtube_stats_raw[[#This Row],[subscribers]] -> 0.01532567 | AN186: =IF(AND(youtube_stats_raw[[#This Row],[upload_frequency]]>23.1077381,youtube_stats_raw[[#This Row],[ engagement_rate]]<=0),"High",IF(OR(youtube_stats_raw[[#This Row],[upload_frequency]]>23.1077381,youtube_stats_raw[[#This Row],[ engagement_rate]]<=0),"Medium","Low")) -> Low | AO186: =DATE(T186, MATCH(U186,{"Jan","Feb","Mar","Apr","May","Jun","Jul","Aug","Sep","Oct","Nov","Dec"},0), V186) -> 38675 | AP186: =IF(youtube_stats_raw[[#This Row],[subscribers]]<70000000,"Micro",IF(youtube_stats_raw[[#This Row],[subscribers]]<128000000,"Mid",IF(youtube_stats_raw[[#This Row],[subscribers]]<186000000,"Macro","Mega"))) -> Micro | AQ186: =SUM((youtube_stats_raw[[#This Row],[lowest_yearly_earnings]] + youtube_stats_raw[[#This Row],[highest_yearly_earnings]])/2) -> 1752250 | AR186: =IF(youtube_stats_raw[[#This Row],[upload_frequency]]<=_xlfn.PERCENTILE.INC(AC:AC,0.2),"Very Low",IF(youtube_stats_raw[[#This Row],[upload_frequency]]<=_xlfn.PERCENTILE.INC(AC:AC,0.4),"Low",IF(youtube_stats_raw[[#This Row],[upload_frequency]]<=_xlfn.PERCENTILE.INC(AC:AC,0.6),"Medium",IF(youtube_stats_raw[[#This Row],[upload_frequency]]<=_xlfn.PERCENTILE.INC(AC:AC,0.8),"High","Very High")))) -> Medium
A187: 218 | B187: 1MILLION Dance Studio | C187: 26100000 | D187: 7886440199 | E187: Entertainment | F187: 1MILLION Dance Studio | G187: 0 | H187: Saudi Arabia | I187: SA | J187: Music | K187: 4057944 | L187: 3695 | M187: 5641 | O187: 0 | P187: 0 | Q187: 0 | R187: 0 | S187: 0 | T187: 2019 | U187: Jul | V187: 13 | W187: 68 | X187: 34268528 | Y187: 5.93 | Z187: 28807838 | AA187: 23.885942 | AB187: 45.079162 | AC187: 0 | AD187: #NUM! | AE187: #NUM! | AF187: 0.003309478 | AG187: 0 | AH187: 302.16246 | AI187: 7 | AJ187: 0 | AK187: 0 | AL187: 0 | AM187: =youtube_stats_raw[[#This Row],[subscribers_for_last_30_days]] / youtube_stats_raw[[#This Row],[subscribers]] -> 0 | AN187: =IF(AND(youtube_stats_raw[[#This Row],[upload_frequency]]>23.1077381,youtube_stats_raw[[#This Row],[ engagement_rate]]<=0),"High",IF(OR(youtube_stats_raw[[#This Row],[upload_frequency]]>23.1077381,youtube_stats_raw[[#This Row],[ engagement_rate]]<=0),"Medium","Low")) -> Medium | AO187: =DATE(T187, MATCH(U187,{"Jan","Feb","Mar","Apr","May","Jun","Jul","Aug","Sep","Oct","Nov","Dec"},0), V187) -> 43659 | AP187: =IF(youtube_stats_raw[[#This Row],[subscribers]]<70000000,"Micro",IF(youtube_stats_raw[[#This Row],[subscribers]]<128000000,"Mid",IF(youtube_stats_raw[[#This Row],[subscribers]]<186000000,"Macro","Mega"))) -> Micro | AQ187: =SUM((youtube_stats_raw[[#This Row],[lowest_yearly_earnings]] + youtube_stats_raw[[#This Row],[highest_yearly_earnings]])/2) -> 0 | AR187: =IF(youtube_stats_raw[[#This Row],[upload_frequency]]<=_xlfn.PERCENTILE.INC(AC:AC,0.2),"Very Low",IF(youtube_stats_raw[[#This Row],[upload_frequency]]<=_xlfn.PERCENTILE.INC(AC:AC,0.4),"Low",IF(youtube_stats_raw[[#This Row],[upload_frequency]]<=_xlfn.PERCENTILE.INC(AC:AC,0.6),"Medium",IF(youtube_stats_raw[[#This Row],[upload_frequency]]<=_xlfn.PERCENTILE.INC(AC:AC,0.8),"High","Very High")))) -> Very Low
A188: 220 | B188: Beyoncï¿ | C188: 26000000 | D188: 17308961985 | E188: Music | F188: Beyoncï¿ | G188: 240 | H188: United States | I188: US | J188: Music | K188: 163 | L188: 66 | M188: 66 | N188: 55454000 | O188: 13900 | P188: 221800 | Q188: 166400 | R188: 2700000 | S188: 0 | T188: 2005 | U188: Nov | V188: 7 | W188: 88.2 | X188: 328239523 | Y188: 14.7 | Z188: 270663028 | AA188: 37.09024 | AB188: -95.712891 | AC188: 1.0526316 | AD188: 72120675 | AE188: 108333.33 | AF188: 0.001502112 | AG188: 12.814171 | AH188: 665.72931 | AI188: 21 | AJ188: 207900 | AK188: 2533600 | AL188: 0 | AM188: =youtube_stats_raw[[#This Row],[subscribers_for_last_30_days]] / youtube_stats_raw[[#This Row],[subscribers]] -> 0 | AN188: =IF(AND(youtube_stats_raw[[#This Row],[upload_frequency]]>23.1077381,youtube_stats_raw[[#This Row],[ engagement_rate]]<=0),"High",IF(OR(youtube_stats_raw[[#This Row],[upload_frequency]]>23.1077381,youtube_stats_raw[[#This Row],[ engagement_rate]]<=0),"Medium","Low")) -> Medium | AO188: =DATE(T188, MATCH(U188,{"Jan","Feb","Mar","Apr","May","Jun","Jul","Aug","Sep","Oct","Nov","Dec"},0), V188) -> 38663 | AP188: =IF(youtube_stats_raw[[#This Row],[subscribers]]<70000000,"Micro",IF(youtube_stats_raw[[#This Row],[subscribers]]<128000000,"Mid",IF(youtube_stats_raw[[#This Row],[subscribers]]<186000000,"Macro","Mega"))) -> Micro | AQ188: =SUM((youtube_stats_raw[[#This Row],[lowest_yearly_earnings]] + youtube_stats_raw[[#This Row],[highest_yearly_earnings]])/2) -> 1433200 | AR188: =IF(youtube_stats_raw[[#This Row],[upload_frequency]]<=_xlfn.PERCENTILE.INC(AC:AC,0.2),"Very Low",IF(youtube_stats_raw[[#This Row],[upload_frequency]]<=_xlfn.PERCENTILE.INC(AC:AC,0.4),"Low",IF(youtube_stats_raw[[#This Row],[upload_frequency]]<=_xlfn.PERCENTILE.INC(AC:AC,0.6),"Medium",IF(youtube_stats_raw[[#This Row],[upload_frequency]]<=_xlfn.PERCENTILE.INC(AC:AC,0.8),"High","Very High")))) -> Very Low
A189: 222 | B189: Indosiar | C189: 25900000 | D189: 11372071889 | E189: Music | F189: Indosiar | G189: 65286 | H189: Indonesia | I189: ID | J189: Entertainment | K189: 358 | L189: 5 | M189: 60 | N189: 230183000 | O189: 57500 | P189: 920700 | Q189: 690500 | R189: 11000000 | S189: 600000 | T189: 2013 | U189: Sep | V189: 23 | W189: 36.3 | X189: 270203917 | Y189: 4.69 | Z189: 151509724 | AA189: -0.789275 | AB189: 113.92133 | AC189: 494.59091 | AD189: 174188.52 | AE189: 396.71599 | AF189: 0.0022775093 | AG189: 80.9615 | AH189: 439.07613 | AI189: 13 | AJ189: 863200 | AK189: 10309500 | AL189: 46153.846 | AM189: =youtube_stats_raw[[#This Row],[subscribers_for_last_30_days]] / youtube_stats_raw[[#This Row],[subscribers]] -> 0.023166023 | AN189: =IF(AND(youtube_stats_raw[[#This Row],[upload_frequency]]>23.1077381,youtube_stats_raw[[#This Row],[ engagement_rate]]<=0),"High",IF(OR(youtube_stats_raw[[#This Row],[upload_frequency]]>23.1077381,youtube_stats_raw[[#This Row],[ engagement_rate]]<=0),"Medium","Low")) -> Medium | AO189: =DATE(T189, MATCH(U189,{"Jan","Feb","Mar","Apr","May","Jun","Jul","Aug","Sep","Oct","Nov","Dec"},0), V189) -> 41540 | AP189: =IF(youtube_stats_raw[[#This Row],[subscribers]]<70000000,"Micro",IF(youtube_stats_raw[[#This Row],[subscribers]]<128000000,"Mid",IF(youtube_stats_raw[[#This Row],[subscribers]]<186000000,"Macro","Mega"))) -> Micro | AQ189: =SUM((youtube_stats_raw[[#This Row],[lowest_yearly_earnings]] + youtube_stats_raw[[#This Row],[highest_yearly_earnings]])/2) -> 5845250 | AR189: =IF(youtube_stats_raw[[#This Row],[upload_frequency]]<=_xlfn.PERCENTILE.INC(AC:AC,0.2),"Very Low",IF(youtube_stats_raw[[#This Row],[upload_frequency]]<=_xlfn.PERCENTILE.INC(AC:AC,0.4),"Low",IF(youtube_stats_raw[[#This Row],[upload_frequency]]<=_xlfn.PERCENTILE.INC(AC:AC,0.6),"Medium",IF(youtube_stats_raw[[#This Row],[upload_frequency]]<=_xlfn.PERCENTILE.INC(AC:AC,0.8),"High","Very High")))) -> Very High
A190: 223 | B190: VanossGaming | C190: 25800000 | D190: 15541421838 | E190: Gaming | F190: VanossGaming | G190: 1762 | H190: Canada | I190: CA | J190: Games | K190: 206 | L190: 5 | M190: 17 | N190: 54947000 | O190: 13700 | P190: 219800 | Q190: 164800 | R190: 2600000 | S190: 0 | T190: 2011 | U190: Sep | V190: 15 | W190: 68.9 | X190: 36991981 | Y190: 5.56 | Z190: 30628482 | AA190: 56.130366 | AB190: -106.34677 | AC190: 11.294872 | AD190: 8820330.2 | AE190: 14642.452 | AF190: 0.0016600798 | AG190: 14.14285 | AH190: 602.38069 | AI190: 15 | AJ190: 206100 | AK190: 2435200 | AL190: 0 | AM190: =youtube_stats_raw[[#This Row],[subscribers_for_last_30_days]] / youtube_stats_raw[[#This Row],[subscribers]] -> 0 | AN190: =IF(AND(youtube_stats_raw[[#This Row],[upload_frequency]]>23.1077381,youtube_stats_raw[[#This Row],[ engagement_rate]]<=0),"High",IF(OR(youtube_stats_raw[[#This Row],[upload_frequency]]>23.1077381,youtube_stats_raw[[#This Row],[ engagement_rate]]<=0),"Medium","Low")) -> Medium | AO190: =DATE(T190, MATCH(U190,{"Jan","Feb","Mar","Apr","May","Jun","Jul","Aug","Sep","Oct","Nov","Dec"},0), V190) -> 40801 | AP190: =IF(youtube_stats_raw[[#This Row],[subscribers]]<70000000,"Micro",IF(youtube_stats_raw[[#This Row],[subscribers]]<128000000,"Mid",IF(youtube_stats_raw[[#This Row],[subscribers]]<186000000,"Macro","Mega"))) -> Micro | AQ190: =SUM((youtube_stats_raw[[#This Row],[lowest_yearly_earnings]] + youtube_stats_raw[[#This Row],[highest_yearly_earnings]])/2) -> 1382400 | AR190: =IF(youtube_stats_raw[[#This Row],[upload_frequency]]<=_xlfn.PERCENTILE.INC(AC:AC,0.2),"Very Low",IF(youtube_stats_raw[[#This Row],[upload_frequency]]<=_xlfn.PERCENTILE.INC(AC:AC,0.4),"Low",IF(youtube_stats_raw[[#This Row],[upload_frequency]]<=_xlfn.PERCENTILE.INC(AC:AC,0.6),"Medium",IF(youtube_stats_raw[[#This Row],[upload_frequency]]<=_xlfn.PERCENTILE.INC(AC:AC,0.8),"High","Very High")))) -> Medium
A191: 224 | B191: David Guetta | C191: 25700000 | D191: 17793809548 | E191: Music | F191: David Guetta | G191: 749 | H191: United States | I191: US | J191: Music | K191: 153 | L191: 67 | M191: 67 | N191: 164215000 | O191: 41100 | P191: 656900 | Q191: 492600 | R191: 7900000 | S191: 100000 | T191: 2009 | U191: Dec | V191: 11 | W191: 88.2 | X191: 328239523 | Y191: 14.7 | Z191: 270663028 | AA191: 37.09024 | AB191: -95.712891 | AC191: 4.1611111 | AD191: 23756755 | AE191: 34312.417 | AF191: 0.0014443225 | AG191: 36.917333 | AH191: 692.36613 | AI191: 17 | AJ191: 615800 | AK191: 7407400 | AL191: 5882.3529 | AM191: =youtube_stats_raw[[#This Row],[subscribers_for_last_30_days]] / youtube_stats_raw[[#This Row],[subscribers]] -> 0.0038910506 | AN191: =IF(AND(youtube_stats_raw[[#This Row],[upload_frequency]]>23.1077381,youtube_stats_raw[[#This Row],[ engagement_rate]]<=0),"High",IF(OR(youtube_stats_raw[[#This Row],[upload_frequency]]>23.1077381,youtube_stats_raw[[#This Row],[ engagement_rate]]<=0),"Medium","Low")) -> Low | AO191: =DATE(T191, MATCH(U191,{"Jan","Feb","Mar","Apr","May","Jun","Jul","Aug","Sep","Oct","Nov","Dec"},0), V191) -> 40158 | AP191: =IF(youtube_stats_raw[[#This Row],[subscribers]]<70000000,"Micro",IF(youtube_stats_raw[[#This Row],[subscribers]]<128000000,"Mid",IF(youtube_stats_raw[[#This Row],[subscribers]]<186000000,"Macro","Mega"))) -> Micro | AQ191: =SUM((youtube_stats_raw[[#This Row],[lowest_yearly_earnings]] + youtube_stats_raw[[#This Row],[highest_yearly_earnings]])/2) -> 4196300 | AR191: =IF(youtube_stats_raw[[#This Row],[upload_frequency]]<=_xlfn.PERCENTILE.INC(AC:AC,0.2),"Very Low",IF(youtube_stats_raw[[#This Row],[upload_frequency]]<=_xlfn.PERCENTILE.INC(AC:AC,0.4),"Low",IF(youtube_stats_raw[[#This Row],[upload_frequency]]<=_xlfn.PERCENTILE.INC(AC:AC,0.6),"Medium",IF(youtube_stats_raw[[#This Row],[upload_frequency]]<=_xlfn.PERCENTILE.INC(AC:AC,0.8),"High","Very High")))) -> Low
A192: 225 | B192: LosPolinesios | C192: 25700000 | D192: 7466926260 | E192: People & Blogs | F192: LosPolinesios | G192: 982 | H192: Mexico | I192: MX | J192: People | K192: 746 | L192: 8 | M192: 7 | N192: 30501000 | O192: 7600 | P192: 122000 | Q192: 91500 | R192: 1500000 | S192: 0 | T192: 2012 | U192: Dec | V192: 16 | W192: 40.2 | X192: 126014024 | Y192: 3.42 | Z192: 102626859 | AA192: 23.634501 | AB192: -102.55278 | AC192: 6.8194444 | AD192: 7603794.6 | AE192: 26171.079 | AF192: 0.0034418446 | AG192: 16.338718 | AH192: 290.54188 | AI192: 14 | AJ192: 114400 | AK192: 1408500 | AL192: 0 | AM192: =youtube_stats_raw[[#This Row],[subscribers_for_last_30_days]] / youtube_stats_raw[[#This Row],[subscribers]] -> 0 | AN192: =IF(AND(youtube_stats_raw[[#This Row],[upload_frequency]]>23.1077381,youtube_stats_raw[[#This Row],[ engagement_rate]]<=0),"High",IF(OR(youtube_stats_raw[[#This Row],[upload_frequency]]>23.1077381,youtube_stats_raw[[#This Row],[ engagement_rate]]<=0),"Medium","Low")) -> Medium | AO192: =DATE(T192, MATCH(U192,{"Jan","Feb","Mar","Apr","May","Jun","Jul","Aug","Sep","Oct","Nov","Dec"},0), V192) -> 41259 | AP192: =IF(youtube_stats_raw[[#This Row],[subscribers]]<70000000,"Micro",IF(youtube_stats_raw[[#This Row],[subscribers]]<128000000,"Mid",IF(youtube_stats_raw[[#This Row],[subscribers]]<186000000,"Macro","Mega"))) -> Micro | AQ192: =SUM((youtube_stats_raw[[#This Row],[lowest_yearly_earnings]] + youtube_stats_raw[[#This Row],[highest_yearly_earnings]])/2) -> 795750 | AR192: =IF(youtube_stats_raw[[#This Row],[upload_frequency]]<=_xlfn.PERCENTILE.INC(AC:AC,0.2),"Very Low",IF(youtube_stats_raw[[#This Row],[upload_frequency]]<=_xlfn.PERCENTILE.INC(AC:AC,0.4),"Low",IF(youtube_stats_raw[[#This Row],[upload_frequency]]<=_xlfn.PERCENTILE.INC(AC:AC,0.6),"Medium",IF(youtube_stats_raw[[#This Row],[upload_frequency]]<=_xlfn.PERCENTILE.INC(AC:AC,0.8),"High","Very High")))) -> Medium
A193: 226 | B193: Nicki Minaj | C193: 25700000 | D193: 10242981063 | E193: Music | F193: Nicki Minaj | G193: 42 | H193: United States | I193: US | J193: Music | K193: 425 | L193: 67 | M193: 67 | N193: 103631000 | O193: 25900 | P193: 414500 | Q193: 310900 | R193: 5000000 | S193: 100000 | T193: 2013 | U193: Aug | V193: 28 | W193: 88.2 | X193: 328239523 | Y193: 14.7 | Z193: 270663028 | AA193: 37.09024 | AB193: -95.712891 | AC193: 0.31818182 | AD193: 2.438805e+08 | AE193: 611904.76 | AF193: 0.0025090352 | AG193: 40.466735 | AH193: 398.55957 | AI193: 13 | AJ193: 388600 | AK193: 4689100 | AL193: 7692.3077 | AM193: =youtube_stats_raw[[#This Row],[subscribers_for_last_30_days]] / youtube_stats_raw[[#This Row],[subscribers]] -> 0.0038910506 | AN193: =IF(AND(youtube_stats_raw[[#This Row],[upload_frequency]]>23.1077381,youtube_stats_raw[[#This Row],[ engagement_rate]]<=0),"High",IF(OR(youtube_stats_raw[[#This Row],[upload_frequency]]>23.1077381,youtube_stats_raw[[#This Row],[ engagement_rate]]<=0),"Medium","Low")) -> Low | AO193: =DATE(T193, MATCH(U193,{"Jan","Feb","Mar","Apr","May","Jun","Jul","Aug","Sep","Oct","Nov","Dec"},0), V193) -> 41514 | AP193: =IF(youtube_stats_raw[[#This Row],[subscribers]]<70000000,"Micro",IF(youtube_stats_raw[[#This Row],[subscribers]]<128000000,"Mid",IF(youtube_stats_raw[[#This Row],[subscribers]]<186000000,"Macro","Mega"))) -> Micro | AQ193: =SUM((youtube_stats_raw[[#This Row],[lowest_yearly_earnings]] + youtube_stats_raw[[#This Row],[highest_yearly_earnings]])/2) -> 2655450 | AR193: =IF(youtube_stats_raw[[#This Row],[upload_frequency]]<=_xlfn.PERCENTILE.INC(AC:AC,0.2),"Very Low",IF(youtube_stats_raw[[#This Row],[upload_frequency]]<=_xlfn.PERCENTILE.INC(AC:AC,0.4),"Low",IF(youtube_stats_raw[[#This Row],[upload_frequency]]<=_xlfn.PERCENTILE.INC(AC:AC,0.6),"Medium",IF(youtube_stats_raw[[#This Row],[upload_frequency]]<=_xlfn.PERCENTILE.INC(AC:AC,0.8),"High","Very High")))) -> Very Low
A194: 228 | B194: TaylorSwiftVEVO | C194: 25600000 | D194: 25592378292 | E194: Music | F194: TaylorSwiftVEVO | G194: 287 | H194: United States | I194: US | J194: Music | K194: 67 | L194: 68 | M194: 68 | N194: 318593000 | O194: 79600 | P194: 1300000 | Q194: 955800 | R194: 15300000 | S194: 100000 | T194: 2009 | U194: May | V194: 12 | W194: 88.2 | X194: 328239523 | Y194: 14.7 | Z194: 270663028 | AA194: 37.09024 | AB194: -95.712891 | AC194: 1.5944444 | AD194: 89172050 | AE194: 89198.606 | AF194: 0.0010002978 | AG194: 50.796373 | AH194: 999.70228 | AI194: 17 | AJ194: 1220400 | AK194: 14344200 | AL194: 5882.3529 | AM194: =youtube_stats_raw[[#This Row],[subscribers_for_last_30_days]] / youtube_stats_raw[[#This Row],[subscribers]] -> 0.00390625 | AN194: =IF(AND(youtube_stats_raw[[#This Row],[upload_frequency]]>23.1077381,youtube_stats_raw[[#This Row],[ engagement_rate]]<=0),"High",IF(OR(youtube_stats_raw[[#This Row],[upload_frequency]]>23.1077381,youtube_stats_raw[[#This Row],[ engagement_rate]]<=0),"Medium","Low")) -> Low | AO194: =DATE(T194, MATCH(U194,{"Jan","Feb","Mar","Apr","May","Jun","Jul","Aug","Sep","Oct","Nov","Dec"},0), V194) -> 39945 | AP194: =IF(youtube_stats_raw[[#This Row],[subscribers]]<70000000,"Micro",IF(youtube_stats_raw[[#This Row],[subscribers]]<128000000,"Mid",IF(youtube_stats_raw[[#This Row],[subscribers]]<186000000,"Macro","Mega"))) -> Micro | AQ194: =SUM((youtube_stats_raw[[#This Row],[lowest_yearly_earnings]] + youtube_stats_raw[[#This Row],[highest_yearly_earnings]])/2) -> 8127900 | AR194: =IF(youtube_stats_raw[[#This Row],[upload_frequency]]<=_xlfn.PERCENTILE.INC(AC:AC,0.2),"Very Low",IF(youtube_stats_raw[[#This Row],[upload_frequency]]<=_xlfn.PERCENTILE.INC(AC:AC,0.4),"Low",IF(youtube_stats_raw[[#This Row],[upload_frequency]]<=_xlfn.PERCENTILE.INC(AC:AC,0.6),"Medium",IF(youtube_stats_raw[[#This Row],[upload_frequency]]<=_xlfn.PERCENTILE.INC(AC:AC,0.8),"High","Very High")))) -> Very Low
A195: 230 | B195: Post Malone | C195: 25500000 | D195: 14401218086 | E195: Music | F195: Post Malone | G195: 78 | H195: United States | I195: US | J195: Music | K195: 243 | L195: 69 | M195: 69 | N195: 195499000 | O195: 48900 | P195: 782000 | Q195: 586500 | R195: 9400000 | S195: 100000 | T195: 2011 | U195: Dec | V195: 15 | W195: 88.2 | X195: 328239523 | Y195: 14.7 | Z195: 270663028 | AA195: 37.09024 | AB195: -95.712891 | AC195: 0.5 | AD195: 1.84631e+08 | AE195: 326923.08 | AF195: 0.0017706836 | AG195: 54.300962 | AH195: 564.75365 | AI195: 15 | AJ195: 733100 | AK195: 8813500 | AL195: 6666.6667 | AM195: =youtube_stats_raw[[#This Row],[subscribers_for_last_30_days]] / youtube_stats_raw[[#This Row],[subscribers]] -> 0.0039215686 | AN195: =IF(AND(youtube_stats_raw[[#This Row],[upload_frequency]]>23.1077381,youtube_stats_raw[[#This Row],[ engagement_rate]]<=0),"High",IF(OR(youtube_stats_raw[[#This Row],[upload_frequency]]>23.1077381,youtube_stats_raw[[#This Row],[ engagement_rate]]<=0),"Medium","Low")) -> Low | AO195: =DATE(T195, MATCH(U195,{"Jan","Feb","Mar","Apr","May","Jun","Jul","Aug","Sep","Oct","Nov","Dec"},0), V195) -> 40892 | AP195: =IF(youtube_stats_raw[[#This Row],[subscribers]]<70000000,"Micro",IF(youtube_stats_raw[[#This Row],[subscribers]]<128000000,"Mid",IF(youtube_stats_raw[[#This Row],[subscribers]]<186000000,"Macro","Mega"))) -> Micro | AQ195: =SUM((youtube_stats_raw[[#This Row],[lowest_yearly_earnings]] + youtube_stats_raw[[#This Row],[highest_yearly_earnings]])/2) -> 4993250 | AR195: =IF(youtube_stats_raw[[#This Row],[upload_frequency]]<=_xlfn.PERCENTILE.INC(AC:AC,0.2),"Very Low",IF(youtube_stats_raw[[#This Row],[upload_frequency]]<=_xlfn.PERCENTILE.INC(AC:AC,0.4),"Low",IF(youtube_stats_raw[[#This Row],[upload_frequency]]<=_xlfn.PERCENTILE.INC(AC:AC,0.6),"Medium",IF(youtube_stats_raw[[#This Row],[upload_frequency]]<=_xlfn.PERCENTILE.INC(AC:AC,0.8),"High","Very High")))) -> Very Low
A196: 231 | B196: Rans Entertainment | C196: 25400000 | D196: 6430853035 | E196: People & Blogs | F196: Rans Entertainment | G196: 3716 | H196: Indonesia | I196: ID | J196: Entertainment | K196: 942 | L196: 6 | M196: 62 | N196: 58487000 | O196: 14600 | P196: 233900 | Q196: 175500 | R196: 2800000 | S196: 100000 | T196: 2015 | U196: Dec | V196: 27 | W196: 36.3 | X196: 270203917 | Y196: 4.69 | Z196: 151509724 | AA196: -0.789275 | AB196: 113.92133 | AC196: 34.407407 | AD196: 1730584.8 | AE196: 6835.3068 | AF196: 0.0039497093 | AG196: 36.371536 | AH196: 253.18319 | AI196: 11 | AJ196: 219300 | AK196: 2624500 | AL196: 9090.9091 | AM196: =youtube_stats_raw[[#This Row],[subscribers_for_last_30_days]] / youtube_stats_raw[[#This Row],[subscribers]] -> 0.0039370079 | AN196: =IF(AND(youtube_stats_raw[[#This Row],[upload_frequency]]>23.1077381,youtube_stats_raw[[#This Row],[ engagement_rate]]<=0),"High",IF(OR(youtube_stats_raw[[#This Row],[upload_frequency]]>23.1077381,youtube_stats_raw[[#This Row],[ engagement_rate]]<=0),"Medium","Low")) -> Medium | AO196: =DATE(T196, MATCH(U196,{"Jan","Feb","Mar","Apr","May","Jun","Jul","Aug","Sep","Oct","Nov","Dec"},0), V196) -> 42365 | AP196: =IF(youtube_stats_raw[[#This Row],[subscribers]]<70000000,"Micro",IF(youtube_stats_raw[[#This Row],[subscribers]]<128000000,"Mid",IF(youtube_stats_raw[[#This Row],[subscribers]]<186000000,"Macro","Mega"))) -> Micro | AQ196: =SUM((youtube_stats_raw[[#This Row],[lowest_yearly_earnings]] + youtube_stats_raw[[#This Row],[highest_yearly_earnings]])/2) -> 1487750 | AR196: =IF(youtube_stats_raw[[#This Row],[upload_frequency]]<=_xlfn.PERCENTILE.INC(AC:AC,0.2),"Very Low",IF(youtube_stats_raw[[#This Row],[upload_frequency]]<=_xlfn.PERCENTILE.INC(AC:AC,0.4),"Low",IF(youtube_stats_raw[[#This Row],[upload_frequency]]<=_xlfn.PERCENTILE.INC(AC:AC,0.6),"Medium",IF(youtube_stats_raw[[#This Row],[upload_frequency]]<=_xlfn.PERCENTILE.INC(AC:AC,0.8),"High","Very High")))) -> Very High
A197: 232 | B197: LankyBox | C197: 25400000 | D197: 34300482066 | E197: Comedy | F197: LankyBox | G197: 8775 | H197: United States | I197: US | J197: Games | K197: 29 | L197: 69 | M197: 18 | N197: 815341000 | O197: 203800 | P197: 3300000 | Q197: 2400000 | R197: 39100000 | S197: 600000 | T197: 2016 | U197: Jul | V197: 30 | W197: 88.2 | X197: 328239523 | Y197: 14.7 | Z197: 270663028 | AA197: 37.09024 | AB197: -95.712891 | AC197: 91.40625 | AD197: 3908886.8 | AE197: 2894.5869 | AF197: 0.00074051437 | AG197: 96.20856 | AH197: 1350.4127 | AI197: 10 | AJ197: 3096200 | AK197: 36700000 | AL197: 60000 | AM197: =youtube_stats_raw[[#This Row],[subscribers_for_last_30_days]] / youtube_stats_raw[[#This Row],[subscribers]] -> 0.023622047 | AN197: =IF(AND(youtube_stats_raw[[#This Row],[upload_frequency]]>23.1077381,youtube_stats_raw[[#This Row],[ engagement_rate]]<=0),"High",IF(OR(youtube_stats_raw[[#This Row],[upload_frequency]]>23.1077381,youtube_stats_raw[[#This Row],[ engagement_rate]]<=0),"Medium","Low")) -> Medium | AO197: =DATE(T197, MATCH(U197,{"Jan","Feb","Mar","Apr","May","Jun","Jul","Aug","Sep","Oct","Nov","Dec"},0), V197) -> 42581 | AP197: =IF(youtube_stats_raw[[#This Row],[subscribers]]<70000000,"Micro",IF(youtube_stats_raw[[#This Row],[subscribers]]<128000000,"Mid",IF(youtube_stats_raw[[#This Row],[subscribers]]<186000000,"Macro","Mega"))) -> Micro | AQ197: =SUM((youtube_stats_raw[[#This Row],[lowest_yearly_earnings]] + youtube_stats_raw[[#This Row],[highest_yearly_earnings]])/2) -> 20750000 | AR197: =IF(youtube_stats_raw[[#This Row],[upload_frequency]]<=_xlfn.PERCENTILE.INC(AC:AC,0.2),"Very Low",IF(youtube_stats_raw[[#This Row],[upload_frequency]]<=_xlfn.PERCENTILE.INC(AC:AC,0.4),"Low",IF(youtube_stats_raw[[#This Row],[upload_frequency]]<=_xlfn.PERCENTILE.INC(AC:AC,0.6),"Medium",IF(youtube_stats_raw[[#This Row],[upload_frequency]]<=_xlfn.PERCENTILE.INC(AC:AC,0.8),"High","Very High")))) -> Very High
A198: 233 | B198: Coldplay | C198: 25300000 | D198: 17331663193 | E198: Music | F198: Coldplay | G198: 398 | H198: United Kingdom | I198: GB | J198: Music | K198: 160 | L198: 8 | M198: 70 | N198: 198875000 | O198: 49700 | P198: 795500 | Q198: 596600 | R198: 9500000 | S198: 100000 | T198: 2010 | U198: Jan | V198: 3 | W198: 60 | X198: 66834405 | Y198: 3.85 | Z198: 55908316 | AA198: 55.378051 | AB198: -3.435973 | AC198: 2.3690476 | AD198: 43546892 | AE198: 63567.839 | AF198: 0.001459756 | AG198: 45.898653 | AH198: 685.04598 | AI198: 16 | AJ198: 745800 | AK198: 8903400 | AL198: 6250 | AM198: =youtube_stats_raw[[#This Row],[subscribers_for_last_30_days]] / youtube_stats_raw[[#This Row],[subscribers]] -> 0.0039525692 | AN198: =IF(AND(youtube_stats_raw[[#This Row],[upload_frequency]]>23.1077381,youtube_stats_raw[[#This Row],[ engagement_rate]]<=0),"High",IF(OR(youtube_stats_raw[[#This Row],[upload_frequency]]>23.1077381,youtube_stats_raw[[#This Row],[ engagement_rate]]<=0),"Medium","Low")) -> Low | AO198: =DATE(T198, MATCH(U198,{"Jan","Feb","Mar","Apr","May","Jun","Jul","Aug","Sep","Oct","Nov","Dec"},0), V198) -> 40181 | AP198: =IF(youtube_stats_raw[[#This Row],[subscribers]]<70000000,"Micro",IF(youtube_stats_raw[[#This Row],[subscribers]]<128000000,"Mid",IF(youtube_stats_raw[[#This Row],[subscribers]]<186000000,"Macro","Mega"))) -> Micro | AQ198: =SUM((youtube_stats_raw[[#This Row],[lowest_yearly_earnings]] + youtube_stats_raw[[#This Row],[highest_yearly_earnings]])/2) -> 5048300 | AR198: =IF(youtube_stats_raw[[#This Row],[upload_frequency]]<=_xlfn.PERCENTILE.INC(AC:AC,0.2),"Very Low",IF(youtube_stats_raw[[#This Row],[upload_frequency]]<=_xlfn.PERCENTILE.INC(AC:AC,0.4),"Low",IF(youtube_stats_raw[[#This Row],[upload_frequency]]<=_xlfn.PERCENTILE.INC(AC:AC,0.6),"Medium",IF(youtube_stats_raw[[#This Row],[upload_frequency]]<=_xlfn.PERCENTILE.INC(AC:AC,0.8),"High","Very High")))) -> Low
A199: 235 | B199: WB Kids | C199: 25200000 | D199: 11081602368 | E199: People & Blogs | F199: WB Kids | G199: 2025 | H199: United States | I199: US | J199: Film | K199: 375 | L199: 70 | M199: 16 | N199: 140319000 | O199: 35100 | P199: 561300 | Q199: 421000 | R199: 6700000 | S199: 300000 | T199: 2015 | U199: Mar | V199: 31 | W199: 88.2 | X199: 328239523 | Y199: 14.7 | Z199: 270663028 | AA199: 37.09024 | AB199: -95.712891 | AC199: 18.75 | AD199: 5472396.2 | AE199: 12444.444 | AF199: 0.0022740394 | AG199: 50.65152 | AH199: 439.74613 | AI199: 11 | AJ199: 526200 | AK199: 6279000 | AL199: 27272.727 | AM199: =youtube_stats_raw[[#This Row],[subscribers_for_last_30_days]] / youtube_stats_raw[[#This Row],[subscribers]] -> 0.011904762 | AN199: =IF(AND(youtube_stats_raw[[#This Row],[upload_frequency]]>23.1077381,youtube_stats_raw[[#This Row],[ engagement_rate]]<=0),"High",IF(OR(youtube_stats_raw[[#This Row],[upload_frequency]]>23.1077381,youtube_stats_raw[[#This Row],[ engagement_rate]]<=0),"Medium","Low")) -> Low | AO199: =DATE(T199, MATCH(U199,{"Jan","Feb","Mar","Apr","May","Jun","Jul","Aug","Sep","Oct","Nov","Dec"},0), V199) -> 42094 | AP199: =IF(youtube_stats_raw[[#This Row],[subscribers]]<70000000,"Micro",IF(youtube_stats_raw[[#This Row],[subscribers]]<128000000,"Mid",IF(youtube_stats_raw[[#This Row],[subscribers]]<186000000,"Macro","Mega"))) -> Micro | AQ199: =SUM((youtube_stats_raw[[#This Row],[lowest_yearly_earnings]] + youtube_stats_raw[[#This Row],[highest_yearly_earnings]])/2) -> 3560500 | AR199: =IF(youtube_stats_raw[[#This Row],[upload_frequency]]<=_xlfn.PERCENTILE.INC(AC:AC,0.2),"Very Low",IF(youtube_stats_raw[[#This Row],[upload_frequency]]<=_xlfn.PERCENTILE.INC(AC:AC,0.4),"Low",IF(youtube_stats_raw[[#This Row],[upload_frequency]]<=_xlfn.PERCENTILE.INC(AC:AC,0.6),"Medium",IF(youtube_stats_raw[[#This Row],[upload_frequency]]<=_xlfn.PERCENTILE.INC(AC:AC,0.8),"High","Very High")))) -> High
... A230: 273 | B230: Ninja | C230: 23700000 | D230: 2543809954 | E230: Gaming | F230: Ninja | G230: 1732 | H230: United States | I230: US | J230: Games | K230: 3590 | L230: 81 | M230: 19 | N230: 8368000 | O230: 2100 | P230: 33500 | Q230: 25100 | R230: 401700 | S230: 0 | T230: 2011 | U230: Nov | V230: 11 | W230: 88.2 | X230: 328239523 | Y230: 14.7 | Z230: 270663028 | AA230: 37.09024 | AB230: -95.712891 | AC230: 11.102564 | AD230: 1468712.4 | AE230: 13683.603 | AF230: 0.0093167337 | AG230: 13.169223 | AH230: 107.33375 | AI230: 15 | AJ230: 31400 | AK230: 376600 | AL230: 0 | AM230: =youtube_stats_raw[[#This Row],[subscribers_for_last_30_days]] / youtube_stats_raw[[#This Row],[subscribers]] -> 0 | AN230: =IF(AND(youtube_stats_raw[[#This Row],[upload_frequency]]>23.1077381,youtube_stats_raw[[#This Row],[ engagement_rate]]<=0),"High",IF(OR(youtube_stats_raw[[#This Row],[upload_frequency]]>23.1077381,youtube_stats_raw[[#This Row],[ engagement_rate]]<=0),"Medium","Low")) -> Medium | AO230: =DATE(T230, MATCH(U230,{"Jan","Feb","Mar","Apr","May","Jun","Jul","Aug","Sep","Oct","Nov","Dec"},0), V230) -> 40858 | AP230: =IF(youtube_stats_raw[[#This Row],[subscribers]]<70000000,"Micro",IF(youtube_stats_raw[[#This Row],[subscribers]]<128000000,"Mid",IF(youtube_stats_raw[[#This Row],[subscribers]]<186000000,"Macro","Mega"))) -> Micro | AQ230: =SUM((youtube_stats_raw[[#This Row],[lowest_yearly_earnings]] + youtube_stats_raw[[#This Row],[highest_yearly_earnings]])/2) -> 213400 | AR230: =IF(youtube_stats_raw[[#This Row],[upload_frequency]]<=_xlfn.PERCENTILE.INC(AC:AC,0.2),"Very Low",IF(youtube_stats_raw[[#This Row],[upload_frequency]]<=_xlfn.PERCENTILE.INC(AC:AC,0.4),"Low",IF(youtube_stats_raw[[#This Row],[upload_frequency]]<=_xlfn.PERCENTILE.INC(AC:AC,0.6),"Medium",IF(youtube_stats_raw[[#This Row],[upload_frequency]]<=_xlfn.PERCENTILE.INC(AC:AC,0.8),"High","Very High")))) -> Medium
A231: 274 | B231: FaZe Rug | C231: 23700000 | D231: 7451792132 | E231: Gaming | F231: FaZeRug | G231: 0 | H231: Canada | I231: CA | J231: Games | K231: 4057944 | L231: 3885 | M231: 7268 | O231: 0 | P231: 0 | Q231: 0 | R231: 0 | S231: 1 | T231: 2012 | U231: Nov | V231: 30 | W231: 68.9 | X231: 36991981 | Y231: 5.56 | Z231: 30628482 | AA231: 56.130366 | AB231: -106.34677 | AC231: 0 | AD231: #NUM! | AE231: #NUM! | AF231: 0.003180443 | AG231: 0 | AH231: 314.42161 | AI231: 14 | AJ231: 0 | AK231: 0 | AL231: 0.071428571 | AM231: =youtube_stats_raw[[#This Row],[subscribers_for_last_30_days]] / youtube_stats_raw[[#This Row],[subscribers]] -> 4.2194093e-08 | AN231: =IF(AND(youtube_stats_raw[[#This Row],[upload_frequency]]>23.1077381,youtube_stats_raw[[#This Row],[ engagement_rate]]<=0),"High",IF(OR(youtube_stats_raw[[#This Row],[upload_frequency]]>23.1077381,youtube_stats_raw[[#This Row],[ engagement_rate]]<=0),"Medium","Low")) -> Low | AO231: =DATE(T231, MATCH(U231,{"Jan","Feb","Mar","Apr","May","Jun","Jul","Aug","Sep","Oct","Nov","Dec"},0), V231) -> 41243 | AP231: =IF(youtube_stats_raw[[#This Row],[subscribers]]<70000000,"Micro",IF(youtube_stats_raw[[#This Row],[subscribers]]<128000000,"Mid",IF(youtube_stats_raw[[#This Row],[subscribers]]<186000000,"Macro","Mega"))) -> Micro | AQ231: =SUM((youtube_stats_raw[[#This Row],[lowest_yearly_earnings]] + youtube_stats_raw[[#This Row],[highest_yearly_earnings]])/2) -> 0 | AR231: =IF(youtube_stats_raw[[#This Row],[upload_frequency]]<=_xlfn.PERCENTILE.INC(AC:AC,0.2),"Very Low",IF(youtube_stats_raw[[#This Row],[upload_frequency]]<=_xlfn.PERCENTILE.INC(AC:AC,0.4),"Low",IF(youtube_stats_raw[[#This Row],[upload_frequency]]<=_xlfn.PERCENTILE.INC(AC:AC,0.6),"Medium",IF(youtube_stats_raw[[#This Row],[upload_frequency]]<=_xlfn.PERCENTILE.INC(AC:AC,0.8),"High","Very High")))) -> Very Low
A232: 275 | B232: Mister Max | C232: 23700000 | D232: 15510153803 | E232: People & Blogs | F232: Mister Max | G232: 1099 | H232: United Kingdom | I232: GB | J232: Entertainment | K232: 208 | L232: 11 | M232: 74 | N232: 32817000 | O232: 8200 | P232: 131300 | Q232: 98400 | R232: 1600000 | S232: 0 | T232: 2014 | U232: Sep | V232: 22 | W232: 60 | X232: 66834405 | Y232: 3.85 | Z232: 55908316 | AA232: 55.378051 | AB232: -3.435973 | AC232: 9.1583333 | AD232: 14112970 | AE232: 21565.059 | AF232: 0.0015280313 | AG232: 8.4654222 | AH232: 654.43687 | AI232: 12 | AJ232: 123100 | AK232: 1501600 | AL232: 0 | AM232: =youtube_stats_raw[[#This Row],[subscribers_for_last_30_days]] / youtube_stats_raw[[#This Row],[subscribers]] -> 0 | AN232: =IF(AND(youtube_stats_raw[[#This Row],[upload_frequency]]>23.1077381,youtube_stats_raw[[#This Row],[ engagement_rate]]<=0),"High",IF(OR(youtube_stats_raw[[#This Row],[upload_frequency]]>23.1077381,youtube_stats_raw[[#This Row],[ engagement_rate]]<=0),"Medium","Low")) -> Medium | AO232: =DATE(T232, MATCH(U232,{"Jan","Feb","Mar","Apr","May","Jun","Jul","Aug","Sep","Oct","Nov","Dec"},0), V232) -> 41904 | AP232: =IF(youtube_stats_raw[[#This Row],[subscribers]]<70000000,"Micro",IF(youtube_stats_raw[[#This Row],[subscribers]]<128000000,"Mid",IF(youtube_stats_raw[[#This Row],[subscribers]]<186000000,"Macro","Mega"))) -> Micro | AQ232: =SUM((youtube_stats_raw[[#This Row],[lowest_yearly_earnings]] + youtube_stats_raw[[#This Row],[highest_yearly_earnings]])/2) -> 849200 | AR232: =IF(youtube_stats_raw[[#This Row],[upload_frequency]]<=_xlfn.PERCENTILE.INC(AC:AC,0.2),"Very Low",IF(youtube_stats_raw[[#This Row],[upload_frequency]]<=_xlfn.PERCENTILE.INC(AC:AC,0.4),"Low",IF(youtube_stats_raw[[#This Row],[upload_frequency]]<=_xlfn.PERCENTILE.INC(AC:AC,0.6),"Medium",IF(youtube_stats_raw[[#This Row],[upload_frequency]]<=_xlfn.PERCENTILE.INC(AC:AC,0.8),"High","Very High")))) -> Medium
A233: 276 | B233: That Little Puff | C233: 23700000 | D233: 20289689389 | E233: Pets & Animals | F233: That Little Puff | G233: 769 | H233: United States | I233: US | J233: Animals | K233: 118 | L233: 81 | M233: 1 | N233: 755054000 | O233: 188800 | P233: 3000000 | Q233: 2300000 | R233: 36200000 | S233: 1100000 | T233: 2020 | U233: Aug | V233: 29 | W233: 88.2 | X233: 328239523 | Y233: 14.7 | Z233: 270663028 | AA233: 37.09024 | AB233: -95.712891 | AC233: 16.020833 | AD233: 26384512 | AE233: 30819.246 | AF233: 0.001168081 | AG233: 147.85835 | AH233: 856.10504 | AI233: 6 | AJ233: 2811200 | AK233: 33900000 | AL233: 183333.33 | AM233: =youtube_stats_raw[[#This Row],[subscribers_for_last_30_days]] / youtube_stats_raw[[#This Row],[subscribers]] -> 0.046413502 | AN233: =IF(AND(youtube_stats_raw[[#This Row],[upload_frequency]]>23.1077381,youtube_stats_raw[[#This Row],[ engagement_rate]]<=0),"High",IF(OR(youtube_stats_raw[[#This Row],[upload_frequency]]>23.1077381,youtube_stats_raw[[#This Row],[ engagement_rate]]<=0),"Medium","Low")) -> Low | AO233: =DATE(T233, MATCH(U233,{"Jan","Feb","Mar","Apr","May","Jun","Jul","Aug","Sep","Oct","Nov","Dec"},0), V233) -> 44072 | AP233: =IF(youtube_stats_raw[[#This Row],[subscribers]]<70000000,"Micro",IF(youtube_stats_raw[[#This Row],[subscribers]]<128000000,"Mid",IF(youtube_stats_raw[[#This Row],[subscribers]]<186000000,"Macro","Mega"))) -> Micro | AQ233: =SUM((youtube_stats_raw[[#This Row],[lowest_yearly_earnings]] + youtube_stats_raw[[#This Row],[highest_yearly_earnings]])/2) -> 19250000 | AR233: =IF(youtube_stats_raw[[#This Row],[upload_frequency]]<=_xlfn.PERCENTILE.INC(AC:AC,0.2),"Very Low",IF(youtube_stats_raw[[#This Row],[upload_frequency]]<=_xlfn.PERCENTILE.INC(AC:AC,0.4),"Low",IF(youtube_stats_raw[[#This Row],[upload_frequency]]<=_xlfn.PERCENTILE.INC(AC:AC,0.6),"Medium",IF(youtube_stats_raw[[#This Row],[upload_frequency]]<=_xlfn.PERCENTILE.INC(AC:AC,0.8),"High","Very High")))) -> High
A234: 278 | B234: Juan De Dios Pantoja | C234: 23600000 | D234: 2135644776 | E234: Entertainment | F234: Juan De Dios Pantoja | G234: 226 | H234: Mexico | I234: MX | J234: People | K234: 4529 | L234: 11 | M234: 10 | N234: 46862000 | O234: 11700 | P234: 187400 | Q234: 140600 | R234: 2200000 | S234: 200000 | T234: 2014 | U234: Jun | V234: 9 | W234: 40.2 | X234: 126014024 | Y234: 3.42 | Z234: 102626859 | AA234: 23.634501 | AB234: -102.55278 | AC234: 1.8833333 | AD234: 9449755.6 | AE234: 104424.78 | AF234: 0.011050527 | AG234: 87.748675 | AH234: 90.493423 | AI234: 12 | AJ234: 175700 | AK234: 2059400 | AL234: 16666.667 | AM234: =youtube_stats_raw[[#This Row],[subscribers_for_last_30_days]] / youtube_stats_raw[[#This Row],[subscribers]] -> 0.0084745763 | AN234: =IF(AND(youtube_stats_raw[[#This Row],[upload_frequency]]>23.1077381,youtube_stats_raw[[#This Row],[ engagement_rate]]<=0),"High",IF(OR(youtube_stats_raw[[#This Row],[upload_frequency]]>23.1077381,youtube_stats_raw[[#This Row],[ engagement_rate]]<=0),"Medium","Low")) -> Low | AO234: =DATE(T234, MATCH(U234,{"Jan","Feb","Mar","Apr","May","Jun","Jul","Aug","Sep","Oct","Nov","Dec"},0), V234) -> 41799 | AP234: =IF(youtube_stats_raw[[#This Row],[subscribers]]<70000000,"Micro",IF(youtube_stats_raw[[#This Row],[subscribers]]<128000000,"Mid",IF(youtube_stats_raw[[#This Row],[subscribers]]<186000000,"Macro","Mega"))) -> Micro | AQ234: =SUM((youtube_stats_raw[[#This Row],[lowest_yearly_earnings]] + youtube_stats_raw[[#This Row],[highest_yearly_earnings]])/2) -> 1170300 | AR234: =IF(youtube_stats_raw[[#This Row],[upload_frequency]]<=_xlfn.PERCENTILE.INC(AC:AC,0.2),"Very Low",IF(youtube_stats_raw[[#This Row],[upload_frequency]]<=_xlfn.PERCENTILE.INC(AC:AC,0.4),"Low",IF(youtube_stats_raw[[#This Row],[upload_frequency]]<=_xlfn.PERCENTILE.INC(AC:AC,0.6),"Medium",IF(youtube_stats_raw[[#This Row],[upload_frequency]]<=_xlfn.PERCENTILE.INC(AC:AC,0.8),"High","Very High")))) -> Low
A235: 279 | B235: Logan Paul | C235: 23600000 | D235: 5994002464 | E235: Entertainment | F235: Logan Paul | G235: 719 | H235: United States | I235: US | J235: Entertainment | K235: 1057 | L235: 82 | M235: 75 | N235: 10803000 | O235: 2700 | P235: 43200 | Q235: 32400 | R235: 518600 | S235: 0 | T235: 2015 | U235: Aug | V235: 29 | W235: 88.2 | X235: 328239523 | Y235: 14.7 | Z235: 270663028 | AA235: 37.09024 | AB235: -95.712891 | AC235: 6.6574074 | AD235: 8336582 | AE235: 32823.366 | AF235: 0.003937269 | AG235: 7.2072042 | AH235: 253.98316 | AI235: 11 | AJ235: 40500 | AK235: 486200 | AL235: 0 | AM235: =youtube_stats_raw[[#This Row],[subscribers_for_last_30_days]] / youtube_stats_raw[[#This Row],[subscribers]] -> 0 | AN235: =IF(AND(youtube_stats_raw[[#This Row],[upload_frequency]]>23.1077381,youtube_stats_raw[[#This Row],[ engagement_rate]]<=0),"High",IF(OR(youtube_stats_raw[[#This Row],[upload_frequency]]>23.1077381,youtube_stats_raw[[#This Row],[ engagement_rate]]<=0),"Medium","Low")) -> Medium | AO235: =DATE(T235, MATCH(U235,{"Jan","Feb","Mar","Apr","May","Jun","Jul","Aug","Sep","Oct","Nov","Dec"},0), V235) -> 42245 | AP235: =IF(youtube_stats_raw[[#This Row],[subscribers]]<70000000,"Micro",IF(youtube_stats_raw[[#This Row],[subscribers]]<128000000,"Mid",IF(youtube_stats_raw[[#This Row],[subscribers]]<186000000,"Macro","Mega"))) -> Micro | AQ235: =SUM((youtube_stats_raw[[#This Row],[lowest_yearly_earnings]] + youtube_stats_raw[[#This Row],[highest_yearly_earnings]])/2) -> 275500 | AR235: =IF(youtube_stats_raw[[#This Row],[upload_frequency]]<=_xlfn.PERCENTILE.INC(AC:AC,0.2),"Very Low",IF(youtube_stats_raw[[#This Row],[upload_frequency]]<=_xlfn.PERCENTILE.INC(AC:AC,0.4),"Low",IF(youtube_stats_raw[[#This Row],[upload_frequency]]<=_xlfn.PERCENTILE.INC(AC:AC,0.6),"Medium",IF(youtube_stats_raw[[#This Row],[upload_frequency]]<=_xlfn.PERCENTILE.INC(AC:AC,0.8),"High","Very High")))) -> Medium
A236: 280 | B236: Maya and Mary | C236: 23600000 | D236: 6766461070 | E236: Entertainment | F236: Maya and Mary | G236: 552 | H236: United States | I236: US | J236: Entertainment | K236: 883 | L236: 82 | M236: 75 | N236: 44542000 | O236: 11100 | P236: 178200 | Q236: 133600 | R236: 2100000 | S236: 400000 | T236: 2013 | U236: Aug | V236: 30 | W236: 88.2 | X236: 328239523 | Y236: 14.7 | Z236: 270663028 | AA236: 37.09024 | AB236: -95.712891 | AC236: 4.1818182 | AD236: 12258082 | AE236: 42753.623 | AF236: 0.0034877907 | AG236: 26.335776 | AH236: 286.71445 | AI236: 13 | AJ236: 167100 | AK236: 1966400 | AL236: 30769.231 | AM236: =youtube_stats_raw[[#This Row],[subscribers_for_last_30_days]] / youtube_stats_raw[[#This Row],[subscribers]] -> 0.016949153 | AN236: =IF(AND(youtube_stats_raw[[#This Row],[upload_frequency]]>23.1077381,youtube_stats_raw[[#This Row],[ engagement_rate]]<=0),"High",IF(OR(youtube_stats_raw[[#This Row],[upload_frequency]]>23.1077381,youtube_stats_raw[[#This Row],[ engagement_rate]]<=0),"Medium","Low")) -> Low | AO236: =DATE(T236, MATCH(U236,{"Jan","Feb","Mar","Apr","May","Jun","Jul","Aug","Sep","Oct","Nov","Dec"},0), V236) -> 41516 | AP236: =IF(youtube_stats_raw[[#This Row],[subscribers]]<70000000,"Micro",IF(youtube_stats_raw[[#This Row],[subscribers]]<128000000,"Mid",IF(youtube_stats_raw[[#This Row],[subscribers]]<186000000,"Macro","Mega"))) -> Micro | AQ236: =SUM((youtube_stats_raw[[#This Row],[lowest_yearly_earnings]] + youtube_stats_raw[[#This Row],[highest_yearly_earnings]])/2) -> 1116800 | AR236: =IF(youtube_stats_raw[[#This Row],[upload_frequency]]<=_xlfn.PERCENTILE.INC(AC:AC,0.2),"Very Low",IF(youtube_stats_raw[[#This Row],[upload_frequency]]<=_xlfn.PERCENTILE.INC(AC:AC,0.4),"Low",IF(youtube_stats_raw[[#This Row],[upload_frequency]]<=_xlfn.PERCENTILE.INC(AC:AC,0.6),"Medium",IF(youtube_stats_raw[[#This Row],[upload_frequency]]<=_xlfn.PERCENTILE.INC(AC:AC,0.8),"High","Very High")))) -> Low
A237: 281 | B237: Peppa Pig Espaï¿½ï¿½ï¿½ï¿½ï¿½ï¿½ï¿½ï¿½ï¿½ | C237: 23600000 | D237: 7920637200 | E237: Film & Animation | F237: Peppa Pig Espaï¿½ï¿½ï¿½ï¿½ï¿½ï¿½ï¿½ï¿½ï¿½ | G237: 1251 | H237: United Kingdom | I237: GB | J237: Film | K237: 668 | L237: 12 | M237: 19 | N237: 53589000 | O237: 13400 | P237: 214400 | Q237: 160800 | R237: 2600000 | S237: 100000 | T237: 2014 | U237: Jul | V237: 28 | W237: 60 | X237: 66834405 | Y237: 3.85 | Z237: 55908316 | AA237: 55.378051 | AB237: -3.435973 | AC237: 10.425 | AD237: 6331444.6 | AE237: 18864.908 | AF237: 0.0029795583 | AG237: 27.068529 | AH237: 335.62022 | AI237: 12 | AJ237: 201000 | AK237: 2439200 | AL237: 8333.3333 | AM237: =youtube_stats_raw[[#This Row],[subscribers_for_last_30_days]] / youtube_stats_raw[[#This Row],[subscribers]] -> 0.0042372881 | AN237: =IF(AND(youtube_stats_raw[[#This Row],[upload_frequency]]>23.1077381,youtube_stats_raw[[#This Row],[ engagement_rate]]<=0),"High",IF(OR(youtube_stats_raw[[#This Row],[upload_frequency]]>23.1077381,youtube_stats_raw[[#This Row],[ engagement_rate]]<=0),"Medium","Low")) -> Low | AO237: =DATE(T237, MATCH(U237,{"Jan","Feb","Mar","Apr","May","Jun","Jul","Aug","Sep","Oct","Nov","Dec"},0), V237) -> 41848 | AP237: =IF(youtube_stats_raw[[#This Row],[subscribers]]<70000000,"Micro",IF(youtube_stats_raw[[#This Row],[subscribers]]<128000000,"Mid",IF(youtube_stats_raw[[#This Row],[subscribers]]<186000000,"Macro","Mega"))) -> Micro | AQ237: =SUM((youtube_stats_raw[[#This Row],[lowest_yearly_earnings]] + youtube_stats_raw[[#This Row],[highest_yearly_earnings]])/2) -> 1380400 | AR237: =IF(youtube_stats_raw[[#This Row],[upload_frequency]]<=_xlfn.PERCENTILE.INC(AC:AC,0.2),"Very Low",IF(youtube_stats_raw[[#This Row],[upload_frequency]]<=_xlfn.PERCENTILE.INC(AC:AC,0.4),"Low",IF(youtube_stats_raw[[#This Row],[upload_frequency]]<=_xlfn.PERCENTILE.INC(AC:AC,0.6),"Medium",IF(youtube_stats_raw[[#This Row],[upload_frequency]]<=_xlfn.PERCENTILE.INC(AC:AC,0.8),"High","Very High")))) -> Medium
A238: 282 | B238: Jelly | C238: 23500000 | D238: 14777034543 | E238: Gaming | F238: Jelly | G238: 6066 | H238: United Kingdom | I238: GB | J238: Games | K238: 229 | L238: 13 | M238: 20 | N238: 41669000 | O238: 10400 | P238: 166700 | Q238: 125000 | R238: 2000000 | S238: 0 | T238: 2014 | U238: May | V238: 27 | W238: 60 | X238: 66834405 | Y238: 3.85 | Z238: 55908316 | AA238: 55.378051 | AB238: -3.435973 | AC238: 50.55 | AD238: 2436042.6 | AE238: 3874.0521 | AF238: 0.0015903055 | AG238: 11.281018 | AH238: 628.80998 | AI238: 12 | AJ238: 156300 | AK238: 1875000 | AL238: 0 | AM238: =youtube_stats_raw[[#This Row],[subscribers_for_last_30_days]] / youtube_stats_raw[[#This Row],[subscribers]] -> 0 | AN238: =IF(AND(youtube_stats_raw[[#This Row],[upload_frequency]]>23.1077381,youtube_stats_raw[[#This Row],[ engagement_rate]]<=0),"High",IF(OR(youtube_stats_raw[[#This Row],[upload_frequency]]>23.1077381,youtube_stats_raw[[#This Row],[ engagement_rate]]<=0),"Medium","Low")) -> High | AO238: =DATE(T238, MATCH(U238,{"Jan","Feb","Mar","Apr","May","Jun","Jul","Aug","Sep","Oct","Nov","Dec"},0), V238) -> 41786 | AP238: =IF(youtube_stats_raw[[#This Row],[subscribers]]<70000000,"Micro",IF(youtube_stats_raw[[#This Row],[subscribers]]<128000000,"Mid",IF(youtube_stats_raw[[#This Row],[subscribers]]<186000000,"Macro","Mega"))) -> Micro | AQ238: =SUM((youtube_stats_raw[[#This Row],[lowest_yearly_earnings]] + youtube_stats_raw[[#This Row],[highest_yearly_earnings]])/2) -> 1062500 | AR238: =IF(youtube_stats_raw[[#This Row],[upload_frequency]]<=_xlfn.PERCENTILE.INC(AC:AC,0.2),"Very Low",IF(youtube_stats_raw[[#This Row],[upload_frequency]]<=_xlfn.PERCENTILE.INC(AC:AC,0.4),"Low",IF(youtube_stats_raw[[#This Row],[upload_frequency]]<=_xlfn.PERCENTILE.INC(AC:AC,0.6),"Medium",IF(youtube_stats_raw[[#This Row],[upload_frequency]]<=_xlfn.PERCENTILE.INC(AC:AC,0.8),"High","Very High")))) -> Very High
A239: 283 | B239: Miss Katy | C239: 23500000 | D239: 14696994366 | E239: People & Blogs | F239: Miss Katy | G239: 1044 | H239: United Kingdom | I239: GB | J239: Entertainment | K239: 235 | L239: 13 | M239: 76 | N239: 59629000 | O239: 14900 | P239: 238500 | Q239: 178900 | R239: 2900000 | S239: 0 | T239: 2014 | U239: Nov | V239: 17 | W239: 60 | X239: 66834405 | Y239: 3.85 | Z239: 55908316 | AA239: 55.378051 | AB239: -3.435973 | AC239: 8.7 | AD239: 14077581 | AE239: 22509.579 | AF239: 0.0015989664 | AG239: 16.227808 | AH239: 625.40402 | AI239: 12 | AJ239: 223600 | AK239: 2721100 | AL239: 0 | AM239: =youtube_stats_raw[[#This Row],[subscribers_for_last_30_days]] / youtube_stats_raw[[#This Row],[subscribers]] -> 0 | AN239: =IF(AND(youtube_stats_raw[[#This Row],[upload_frequency]]>23.1077381,youtube_stats_raw[[#This Row],[ engagement_rate]]<=0),"High",IF(OR(youtube_stats_raw[[#This Row],[upload_frequency]]>23.1077381,youtube_stats_raw[[#This Row],[ engagement_rate]]<=0),"Medium","Low")) -> Medium | AO239: =DATE(T239, MATCH(U239,{"Jan","Feb","Mar","Apr","May","Jun","Jul","Aug","Sep","Oct","Nov","Dec"},0), V239) -> 41960 | AP239: =IF(youtube_stats_raw[[#This Row],[subscribers]]<70000000,"Micro",IF(youtube_stats_raw[[#This Row],[subscribers]]<128000000,"Mid",IF(youtube_stats_raw[[#This Row],[subscribers]]<186000000,"Macro","Mega"))) -> Micro | AQ239: =SUM((youtube_stats_raw[[#This Row],[lowest_yearly_earnings]] + youtube_stats_raw[[#This Row],[highest_yearly_earnings]])/2) -> 1539450 | AR239: =IF(youtube_stats_raw[[#This Row],[upload_frequency]]<=_xlfn.PERCENTILE.INC(AC:AC,0.2),"Very Low",IF(youtube_stats_raw[[#This Row],[upload_frequency]]<=_xlfn.PERCENTILE.INC(AC:AC,0.4),"Low",IF(youtube_stats_raw[[#This Row],[upload_frequency]]<=_xlfn.PERCENTILE.INC(AC:AC,0.6),"Medium",IF(youtube_stats_raw[[#This Row],[upload_frequency]]<=_xlfn.PERCENTILE.INC(AC:AC,0.8),"High","Very High")))) -> Medium
A240: 284 | B240: Tilak | C240: 23400000 | D240: 9465863821 | E240: Film & Animation | F240: Tilak | G240: 6672 | H240: India | I240: IN | J240: Film | K240: 493 | L240: 56 | M240: 20 | N240: 367347000 | O240: 91800 | P240: 1500000 | Q240: 1100000 | R240: 17600000 | S240: 900000 | T240: 2020 | U240: Oct | V240: 10 | W240: 28.1 | X240: 1366417754 | Y240: 5.36 | Z240: 471031528 | AA240: 20.593684 | AB240: 78.96288 | AC240: 139 | AD240: 1418744.6 | AE240: 3507.1942 | AF240: 0.0024720406 | AG240: 158.46414 | AH240: 404.52409 | AI240: 6 | AJ240: 1408200 | AK240: 16500000 | AL240: 150000 | AM240: =youtube_stats_raw[[#This Row],[subscribers_for_last_30_days]] / youtube_stats_raw[[#This Row],[subscribers]] -> 0.038461538 | AN240: =IF(AND(youtube_stats_raw[[#This Row],[upload_frequency]]>23.1077381,youtube_stats_raw[[#This Row],[ engagement_rate]]<=0),"High",IF(OR(youtube_stats_raw[[#This Row],[upload_frequency]]>23.1077381,youtube_stats_raw[[#This Row],[ engagement_rate]]<=0),"Medium","Low")) -> Medium | AO240: =DATE(T240, MATCH(U240,{"Jan","Feb","Mar","Apr","May","Jun","Jul","Aug","Sep","Oct","Nov","Dec"},0), V240) -> 44114 | AP240: =IF(youtube_stats_raw[[#This Row],[subscribers]]<70000000,"Micro",IF(youtube_stats_raw[[#This Row],[subscribers]]<128000000,"Mid",IF(youtube_stats_raw[[#This Row],[subscribers]]<186000000,"Macro","Mega"))) -> Micro | AQ240: =SUM((youtube_stats_raw[[#This Row],[lowest_yearly_earnings]] + youtube_stats_raw[[#This Row],[highest_yearly_earnings]])/2) -> 9350000 | AR240: =IF(youtube_stats_raw[[#This Row],[upload_frequency]]<=_xlfn.PERCENTILE.INC(AC:AC,0.2),"Very Low",IF(youtube_stats_raw[[#This Row],[upload_frequency]]<=_xlfn.PERCENTILE.INC(AC:AC,0.4),"Low",IF(youtube_stats_raw[[#This Row],[upload_frequency]]<=_xlfn.PERCENTILE.INC(AC:AC,0.6),"Medium",IF(youtube_stats_raw[[#This Row],[upload_frequency]]<=_xlfn.PERCENTILE.INC(AC:AC,0.8),"High","Very High")))) -> Very High
A241: 285 | B241: Valentina Pontes ofc | C241: 23400000 | D241: 7926899136 | E241: Film & Animation | F241: Valentina Pontes ofc | G241: 1291 | H241: Brazil | I241: BR | J241: Entertainment | K241: 667 | L241: 14 | M241: 77 | N241: 28285000 | O241: 7100 | P241: 113100 | Q241: 84900 | R241: 1400000 | S241: 0 | T241: 2014 | U241: Apr | V241: 14 | W241: 51.3 | X241: 212559417 | Y241: 12.08 | Z241: 183241641 | AA241: -14.235004 | AB241: -51.92528 | AC241: 10.758333 | AD241: 6140123.3 | AE241: 18125.484 | AF241: 0.002951974 | AG241: 14.267874 | AH241: 338.75637 | AI241: 12 | AJ241: 106000 | AK241: 1315100 | AL241: 0 | AM241: =youtube_stats_raw[[#This Row],[subscribers_for_last_30_days]] / youtube_stats_raw[[#This Row],[subscribers]] -> 0 | AN241: =IF(AND(youtube_stats_raw[[#This Row],[upload_frequency]]>23.1077381,youtube_stats_raw[[#This Row],[ engagement_rate]]<=0),"High",IF(OR(youtube_stats_raw[[#This Row],[upload_frequency]]>23.1077381,youtube_stats_raw[[#This Row],[ engagement_rate]]<=0),"Medium","Low")) -> Medium | AO241: =DATE(T241, MATCH(U241,{"Jan","Feb","Mar","Apr","May","Jun","Jul","Aug","Sep","Oct","Nov","Dec"},0), V241) -> 41743 | AP241: =IF(youtube_stats_raw[[#This Row],[subscribers]]<70000000,"Micro",IF(youtube_stats_raw[[#This Row],[subscribers]]<128000000,"Mid",IF(youtube_stats_raw[[#This Row],[subscribers]]<186000000,"Macro","Mega"))) -> Micro | AQ241: =SUM((youtube_stats_raw[[#This Row],[lowest_yearly_earnings]] + youtube_stats_raw[[#This Row],[highest_yearly_earnings]])/2) -> 742450 | AR241: =IF(youtube_stats_raw[[#This Row],[upload_frequency]]<=_xlfn.PERCENTILE.INC(AC:AC,0.2),"Very Low",IF(youtube_stats_raw[[#This Row],[upload_frequency]]<=_xlfn.PERCENTILE.INC(AC:AC,0.4),"Low",IF(youtube_stats_raw[[#This Row],[upload_frequency]]<=_xlfn.PERCENTILE.INC(AC:AC,0.6),"Medium",IF(youtube_stats_raw[[#This Row],[upload_frequency]]<=_xlfn.PERCENTILE.INC(AC:AC,0.8),"High","Very High")))) -> Medium
A242: 286 | B242: Sesame Street | C242: 23300000 | D242: 22471357411 | E242: Entertainment | F242: Sesame Street | G242: 3657 | H242: United States | I242: US | J242: Entertainment | K242: 99 | L242: 83 | M242: 78 | N242: 124187000 | O242: 31000 | P242: 496700 | Q242: 372600 | R242: 6000000 | S242: 100000 | T242: 2006 | U242: Jan | V242: 16 | W242: 88.2 | X242: 328239523 | Y242: 14.7 | Z242: 270663028 | AA242: 37.09024 | AB242: -95.712891 | AC242: 16.930556 | AD242: 6144751.8 | AE242: 6371.3426 | AF242: 0.0010368755 | AG242: 22.103694 | AH242: 964.43594 | AI242: 20 | AJ242: 465700 | AK242: 5627400 | AL242: 5000 | AM242: =youtube_stats_raw[[#This Row],[subscribers_for_last_30_days]] / youtube_stats_raw[[#This Row],[subscribers]] -> 0.0042918455 | AN242: =IF(AND(youtube_stats_raw[[#This Row],[upload_frequency]]>23.1077381,youtube_stats_raw[[#This Row],[ engagement_rate]]<=0),"High",IF(OR(youtube_stats_raw[[#This Row],[upload_frequency]]>23.1077381,youtube_stats_raw[[#This Row],[ engagement_rate]]<=0),"Medium","Low")) -> Low | AO242: =DATE(T242, MATCH(U242,{"Jan","Feb","Mar","Apr","May","Jun","Jul","Aug","Sep","Oct","Nov","Dec"},0), V242) -> 38733 | AP242: =IF(youtube_stats_raw[[#This Row],[subscribers]]<70000000,"Micro",IF(youtube_stats_raw[[#This Row],[subscribers]]<128000000,"Mid",IF(youtube_stats_raw[[#This Row],[subscribers]]<186000000,"Macro","Mega"))) -> Micro | AQ242: =SUM((youtube_stats_raw[[#This Row],[lowest_yearly_earnings]] + youtube_stats_raw[[#This Row],[highest_yearly_earnings]])/2) -> 3186300 | AR242: =IF(youtube_stats_raw[[#This Row],[upload_frequency]]<=_xlfn.PERCENTILE.INC(AC:AC,0.2),"Very Low",IF(youtube_stats_raw[[#This Row],[upload_frequency]]<=_xlfn.PERCENTILE.INC(AC:AC,0.4),"Low",IF(youtube_stats_raw[[#This Row],[upload_frequency]]<=_xlfn.PERCENTILE.INC(AC:AC,0.6),"Medium",IF(youtube_stats_raw[[#This Row],[upload_frequency]]<=_xlfn.PERCENTILE.INC(AC:AC,0.8),"High","Very High")))) -> High
A243: 287 | B243: Happy Lives | C243: 23200000 | D243: 2634 | E243: Science & Technology | F243: Happy Lives | G243: 1 | H243: United States | I243: US | J243: Entertainment | K243: 4053372 | L243: 84 | M243: 79 | N243: 6589000000 | O243: 0 | P243: 0 | Q243: 0 | R243: 0 | S243: 100000 | T243: 2016 | U243: Mar | V243: 15 | W243: 88.2 | X243: 328239523 | Y243: 14.7 | Z243: 270663028 | AA243: 37.09024 | AB243: -95.712891 | AC243: 0.010416667 | AD243: 2634 | AE243: 23200000 | AF243: 8807.8967 | AG243: 0 | AH243: 0.00011353448 | AI243: 10 | AJ243: 0 | AK243: 0 | AL243: 10000 | AM243: =youtube_stats_raw[[#This Row],[subscribers_for_last_30_days]] / youtube_stats_raw[[#This Row],[subscribers]] -> 0.0043103448 | AN243: =IF(AND(youtube_stats_raw[[#This Row],[upload_frequency]]>23.1077381,youtube_stats_raw[[#This Row],[ engagement_rate]]<=0),"High",IF(OR(youtube_stats_raw[[#This Row],[upload_frequency]]>23.1077381,youtube_stats_raw[[#This Row],[ engagement_rate]]<=0),"Medium","Low")) -> Low | AO243: =DATE(T243, MATCH(U243,{"Jan","Feb","Mar","Apr","May","Jun","Jul","Aug","Sep","Oct","Nov","Dec"},0), V243) -> 42444 | AP243: =IF(youtube_stats_raw[[#This Row],[subscribers]]<70000000,"Micro",IF(youtube_stats_raw[[#This Row],[subscribers]]<128000000,"Mid",IF(youtube_stats_raw[[#This Row],[subscribers]]<186000000,"Macro","Mega"))) -> Micro | AQ243: =SUM((youtube_stats_raw[[#This Row],[lowest_yearly_earnings]] + youtube_stats_raw[[#This Row],[highest_yearly_earnings]])/2) -> 0 | AR243: =IF(youtube_stats_raw[[#This Row],[upload_frequency]]<=_xlfn.PERCENTILE.INC(AC:AC,0.2),"Very Low",IF(youtube_stats_raw[[#This Row],[upload_frequency]]<=_xlfn.PERCENTILE.INC(AC:AC,0.4),"Low",IF(youtube_stats_raw[[#This Row],[upload_frequency]]<=_xlfn.PERCENTILE.INC(AC:AC,0.6),"Medium",IF(youtube_stats_raw[[#This Row],[upload_frequency]]<=_xlfn.PERCENTILE.INC(AC:AC,0.8),"High","Very High")))) -> Very Low
... A254: 299 | B254: Ultra Movie Parlour | C254: 22900000 | D254: 5320485069 | E254: Movies | F254: Ultra Movie Parlour | G254: 1670 | H254: India | I254: IN | J254: Film | K254: 1248 | L254: 61 | M254: 22 | N254: 118846000 | O254: 0 | P254: 0 | Q254: 0 | R254: 0 | S254: 300000 | T254: 2011 | U254: May | V254: 17 | W254: 28.1 | X254: 1366417754 | Y254: 5.36 | Z254: 471031528 | AA254: 20.593684 | AB254: 78.96288 | AC254: 10.705128 | AD254: 3185919.2 | AE254: 13712.575 | AF254: 0.0043041188 | AG254: 0 | AH254: 232.33559 | AI254: 15 | AJ254: 0 | AK254: 0 | AL254: 20000 | AM254: =youtube_stats_raw[[#This Row],[subscribers_for_last_30_days]] / youtube_stats_raw[[#This Row],[subscribers]] -> 0.013100437 | AN254: =IF(AND(youtube_stats_raw[[#This Row],[upload_frequency]]>23.1077381,youtube_stats_raw[[#This Row],[ engagement_rate]]<=0),"High",IF(OR(youtube_stats_raw[[#This Row],[upload_frequency]]>23.1077381,youtube_stats_raw[[#This Row],[ engagement_rate]]<=0),"Medium","Low")) -> Low | AO254: =DATE(T254, MATCH(U254,{"Jan","Feb","Mar","Apr","May","Jun","Jul","Aug","Sep","Oct","Nov","Dec"},0), V254) -> 40680 | AP254: =IF(youtube_stats_raw[[#This Row],[subscribers]]<70000000,"Micro",IF(youtube_stats_raw[[#This Row],[subscribers]]<128000000,"Mid",IF(youtube_stats_raw[[#This Row],[subscribers]]<186000000,"Macro","Mega"))) -> Micro | AQ254: =SUM((youtube_stats_raw[[#This Row],[lowest_yearly_earnings]] + youtube_stats_raw[[#This Row],[highest_yearly_earnings]])/2) -> 0 | AR254: =IF(youtube_stats_raw[[#This Row],[upload_frequency]]<=_xlfn.PERCENTILE.INC(AC:AC,0.2),"Very Low",IF(youtube_stats_raw[[#This Row],[upload_frequency]]<=_xlfn.PERCENTILE.INC(AC:AC,0.4),"Low",IF(youtube_stats_raw[[#This Row],[upload_frequency]]<=_xlfn.PERCENTILE.INC(AC:AC,0.6),"Medium",IF(youtube_stats_raw[[#This Row],[upload_frequency]]<=_xlfn.PERCENTILE.INC(AC:AC,0.8),"High","Very High")))) -> Medium
...

Sheet Analysis
A1: T-Series | B1: =_xlfn.XLOOKUP(Analysis!A1, youtube_stats_raw[Youtuber],youtube_stats_raw[subscribers]) -> 245000000 | C1: =_xlfn.XLOOKUP(A1,youtube_stats_raw[Youtuber],youtube_stats_raw[category]) -> Music | D1: =_xlfn.XLOOKUP(Analysis!A1,youtube_stats_raw[Youtuber],youtube_stats_raw[video_views_for_the_last_30_days]) -> 2258000000
A2: Select Channel Name | B2: Subscribers | C2: Category | D2: Video Views (last 30 Days)
A11: Correlation matrix | B11: subs Count | C11: upload frequency | D11: engagement rate | E11: subs in last 30days
A12: subs Count | B12: 1
A13: upload frequency | B13: 0.048063119 | C13: 1
A14: engagement rate | B14: -0.02375882 | C14: 0.056353109 | D14: 1
A15: subs in last 30days | B15: 0.273043 | C15: 0.063792312 | D15: 0.84521406 | E15: 1
A19: Ad Revenue Rate (CPM) | C19: Projected Revenue(View) | E19: What-if analysis
A20: 5 | C20: =(D1/1000) * A20 -> 11290000 | E20: =(D1 / 1000) * A20 -> 11290000

Sheet Scenario Summary
B2: Scenario Summary
D3: Current Values: | E3: Best Case | F3: Likely Case | G3: Worst Case
B5: Changing Cells:
C6: $A$20 | D6: 5 | E6: 10 | F6: 5 | G6: 2
B7: Result Cells:
C8: $E$20 | D8: 11290000 | E8: 22580000 | F8: 11290000 | G8: 4516000
B9: Notes: Current Values column represents values of changing cells at
B10: time Scenario Summary Report was created. Changing cells for each
B11: scenario are highlighted in gray.

Sheet Pivot_Revenue
A45: KPI
A47: 1 | B47: Average of subscribers | C47: Count of Youtuber | F47: Average of yearly_expected_earning
A48: Total Subs | B48: 22872184 | C48: 870 | F48: 7080148.5
A50: 2 | B50: Sum of estimate_yearly_earnings | F50: Avg earnings / subscriber (Monthly)
A51: Max Earnings Potential | B51: 3490190925 | F51: =F48 / B48 -> 0.3095528
A53: 3 | B53: Count of burnout_risk | F53: High Burnout Risk | H53: Row Labels | I53: Count of burnout_risk
A54: % High Burnout Risk | B54: 870 | C54: =COUNTIF(youtube_stats_raw[burnout_risk],"High") -> 44 | F54: =I54 / B54 -> 0.050574713 | H54: High | I54: 44
H55: Low | I55: 423
A56: 4 | H56: Medium | I56: 403
A57: Avg 30 days Eneagement | B57: lowest_monthly_earnings | H57: Grand Total | I57: 870
B58: 34219174
A60: Zone A : Does National Economy Predict Creator Wealth
A61: Country | B61: Average of highest_yearly_earnings | C61: Average of Gross tertiary education enrollment (%) | D61: Average of Unemployment rate
A62: Afghanistan | B62: 0 | C62: 9.7 | D62: 11.12 | E62: =IF(D62 > MEDIAN(D62:D110),"High Unemployment","Low Unemployment") -> High Unemployment
A63: Andorra | B63: 4 | C63: 0 | D63: 0 | E63: =IF(D63 > MEDIAN(D63:D111),"High Unemployment","Low Unemployment") -> Low Unemployment
A64: Argentina | B64: 11584615 | C64: 90 | D64: 9.79 | E64: =IF(D64 > MEDIAN(D64:D112),"High Unemployment","Low Unemployment") -> High Unemployment
A65: Australia | B65: 3630651 | C65: 113.1 | D65: 5.27 | E65: =IF(D65 > MEDIAN(D65:D113),"High Unemployment","Low Unemployment") -> Low Unemployment
A66: Bangladesh | B66: 0 | C66: 20.6 | D66: 4.19 | E66: =IF(D66 > MEDIAN(D66:D114),"High Unemployment","Low Unemployment") -> Low Unemployment
A67: Barbados | B67: 8800000 | C67: 65.4 | D67: 10.33 | E67: =IF(D67 > MEDIAN(D67:D115),"High Unemployment","Low Unemployment") -> High Unemployment
A68: Brazil | B68: 5701754.1 | C68: 51.3 | D68: 12.08 | E68: =IF(D68 > MEDIAN(D68:D116),"High Unemployment","Low Unemployment") -> High Unemployment
A69: Canada | B69: 4949640 | C69: 68.9 | D69: 5.56 | E69: =IF(D69 > MEDIAN(D69:D117),"High Unemployment","Low Unemployment") -> High Unemployment
A70: Chile | B70: 2666667.3 | C70: 88.5 | D70: 7.09 | E70: =IF(D70 > MEDIAN(D70:D118),"High Unemployment","Low Unemployment") -> High Unemployment
A71: China | B71: 1100000 | C71: 50.6 | D71: 4.32 | E71: =IF(D71 > MEDIAN(D71:D119),"High Unemployment","Low Unemployment") -> Low Unemployment
A72: Colombia | B72: 10463636 | C72: 55.3 | D72: 9.71 | E72: =IF(D72 > MEDIAN(D72:D120),"High Unemployment","Low Unemployment") -> High Unemployment
A73: Cuba | B73: 5 | C73: 41.4 | D73: 1.64 | E73: =IF(D73 > MEDIAN(D73:D121),"High Unemployment","Low Unemployment") -> Low Unemployment
... A110: Vietnam | B110: 6033333.3 | C110: 28.5 | D110: 2.01 | E110: =IF(D110 > MEDIAN(D110:D158),"High Unemployment","Low Unemployment") -> Low Unemployment
A111: Grand Total | B111: 7551788 | C111: 63.483678 | D111: 9.2637701
A116: Row Labels | B116: Sum of subscribers | C116: Sum of engagement_rate
A117: Autos & Vehicles | B117: 35700000 | C117: 0.049349882
A118: Comedy | B118: 1335400000 | C118: 0.98267479
A119: Education | B119: 1190400000 | C119: 0.45107188
A120: Entertainment | B120: 4936800000 | C120: 2.4832005
A121: Film | B121: 12500000 | C121: 0
A122: Film & Animation | B122: 1002000000 | C122: 0.6244423
A123: Games | B123: 70800000 | C123: 0.11130515
A124: Gaming | B124: 1625400000 | C124: 0.68477052
A125: Howto | B125: 19300000 | C125: 0.015544041
A126: Howto & Style | B126: 639200000 | C126: 0.10940515
A127: Movies | B127: 51300000 | C127: 0.03070607
A128: Music | B128: 4668200000 | C128: 0.85105323
... A138: Trailers | B138: 78000000 | C138: 0.015126317
A139: Travel & Events | B139: 12500000 | C139: 0 | G139: Country | H139: Count of Youtuber
A140: Grand Total | B140: 19898800000 | C140: 9.4117982 | G140: 1970 | H140: 1
G141: 2005 | H141: 20
G142: 2006 | H142: 78
G143: 2007 | H143: 42
G144: 2008 | H144: 44
A145: A1 | G145: 2009 | H145: 49
G146: 2010 | H146: 43
G147: 2011 | H147: 78
G148: 2012 | H148: 63
G149: 2013 | H149: 67
G150: 2014 | H150: 94
G151: 2015 | H151: 66
G152: 2016 | H152: 63
G153: 2017 | H153: 57
G154: 2018 | H154: 38
G155: 2019 | H155: 25
G156: 2020 | H156: 21
G157: 2021 | H157: 17
G158: 2022 | H158: 4
G159: Grand Total | H159: 870
A161: A2
A162: Row Labels | B162: Sum of subscribers
A163: United States | B163: 7315100000
A164: India | B164: 4310600000
A165: Brazil | B165: 1207300000
A166: United Kingdom | B166: 917400000
A167: Mexico | B167: 626900000
A168: Indonesia | B168: 534100000
A169: South Korea | B169: 481700000
A170: Russia | B170: 407200000
A171: Thailand | B171: 386500000
A172: Spain | B172: 385100000
A173: Grand Total | B173: 16571900000
A176: A3
A177: Row Labels | B177: Avg. estimate_yearly_earnings | C177: Avg. yearly_expected_earning
A178: Autos & Vehicles | B178: 6994875 | C178: 12310250
A179: Comedy | B179: 4245735.8 | C179: 7495456.7
A180: Education | B180: 4734435.6 | C180: 8356475.6
A181: Entertainment | B181: 4075038.8 | C181: 7192606.3
A182: Film & Animation | B182: 4587910.5 | C182: 8101328.7
A183: Games | B183: 10016000 | C183: 17669600
A184: Gaming | B184: 1979356.8 | C184: 3494111.6
A185: Howto | B185: 955750 | C185: 1688500
A186: Howto & Style | B186: 940370.59 | C186: 1659353.2
A187: Movies | B187: 2895525 | C187: 5108950
A188: Music | B188: 3832201.7 | C188: 6763607.4
A189: News & Politics | B189: 4095716.7 | C189: 7224072
... A200: Grand Total | B200: 4016330.2 | C200: 7088296
A202: A4
A203: Row Labels | B203: Average of earnings_per_million_views
A204: Autos & Vehicles | B204: 169.74984
A205: Comedy | B205: 67.455134
A206: Education | B206: 230.82651
A207: Entertainment | B207: 52.467864
A208: Film & Animation | B208: 73.497868
A209: Games | B209: 141.99874
A210: Gaming | B210: 49.424459
A211: Howto | B211: 562.77144
...

Sheet Dashboard A

Sheet Dashboard B
